,season,week,home_team,away_team,home.totalYards,away.totalYards,Home_possession_time,Away_possession_time,Home_Offensive_TDs,Away_Offensive_TDs,home.turnovers,away.turnovers,home.thirdDownEff,home.fourthDownEff,away.thirdDownEff,away.fourthDownEff
0,2013,1,Minnesota,UNLV,320,419,1286,2314,4,3.0,1,2,0.5714285714285714,1.0,0.4,0.4
1,2013,1,Indiana,Indiana State,632,306,1286,2314,9,3.0,3,2,0.5,0.5,0.1875,0.1875
2,2013,1,Michigan State,Western Michigan,297,204,1286,2314,1,2.0,1,4,0.2631578947368421,0,0.2,0.2
3,2013,1,Cincinnati,Purdue,425,226,1286,2314,5,1.0,3,4,0.6,0.75,0.3333333333333333,0.3333333333333333
4,2013,1,Wisconsin,UMass,598,212,1286,2314,6,0.0,1,2,0.7272727272727273,0,0.42857142857142855,0.42857142857142855
5,2013,1,Illinois,Southern Illinois,464,407,1286,2314,4,4.0,2,1,0.42857142857142855,0,0.3333333333333333,0.3333333333333333
6,2013,1,Ohio State,Buffalo,460,258,1286,2314,5,2.0,2,1,0.5833333333333334,0,0.21428571428571427,0.21428571428571427
7,2013,1,Michigan,Central Michigan,463,210,1286,2314,7,0.0,3,2,0.6666666666666666,1.0,0.2857142857142857,0.2857142857142857
8,2013,1,Penn State,Syracuse,353,260,1286,2314,2,2.0,4,3,0.0625,1.0,0.3,0.3
9,2013,1,Iowa,Northern Illinois,458,438,1286,2314,2,3.0,3,1,0.4117647058823529,0,0.35,0.35
10,2013,1,Nebraska,Wyoming,530,602,1286,2314,5,5.0,2,2,0.5294117647058824,0,0.125,0.125
11,2013,1,California,Northwestern,549,508,1286,2314,3,3.0,3,3,0.47619047619047616,1.0,0.5,0.5
12,2013,2,Michigan State,South Florida,265,155,1286,2314,1,0.0,2,2,0.2857142857142857,0.5,0.07692307692307693,0.07692307692307693
13,2013,2,Illinois,Cincinnati,522,456,1286,2314,6,2.0,0,1,0.6,0,0.23076923076923078,0.23076923076923078
14,2013,2,Penn State,Eastern Michigan,574,183,1286,2314,6,0.0,2,0,0.1,1.0,0.1875,0.1875
15,2013,2,Purdue,Indiana State,284,295,1286,2314,1,2.0,0,1,0.25,0.5,0.21428571428571427,0.21428571428571427
16,2013,2,Iowa,Missouri State,491,197,1286,2314,4,1.0,1,2,0.5,0,0.1,0.1
17,2013,2,Wisconsin,Tennessee Tech,606,113,1286,2314,7,0.0,1,2,0.5384615384615384,0,0.15384615384615385,0.15384615384615385
18,2013,2,Ohio State,San Diego State,445,280,1286,2314,6,1.0,1,4,0.4666666666666667,0.6666666666666666,0.1875,0.1875
19,2013,2,Indiana,Navy,481,515,1286,2314,5,5.0,1,0,0.6666666666666666,0.6666666666666666,0.36363636363636365,0.36363636363636365
20,2013,2,Nebraska,Southern Mississippi,479,284,1286,2314,6,1.0,1,4,0.5833333333333334,1.0,0.3076923076923077,0.3076923076923077
21,2013,2,Northwestern,Syracuse,581,434,1286,2314,6,4.0,0,4,0.5555555555555556,0,0.46153846153846156,0.46153846153846156
22,2013,2,New Mexico State,Minnesota,356,469,1286,2314,3,3.0,1,1,0.4375,0.3333333333333333,0.2222222222222222,0.2222222222222222
23,2013,2,Michigan,Notre Dame,460,410,1286,2314,5,2.0,1,2,0.5,0,0.5333333333333333,0.5333333333333333
24,2013,3,Minnesota,Western Illinois,337,230,1286,2314,4,2.0,1,0,0.45454545454545453,1.0,0.2857142857142857,0.2857142857142857
25,2013,3,Nebraska,UCLA,331,504,1286,2314,3,5.0,1,1,0.21428571428571427,0.6666666666666666,0.4666666666666667,0.4666666666666667
26,2013,3,Indiana,Bowling Green,601,409,1286,2314,6,0.0,2,2,0.6153846153846154,0,0.4,0.4
27,2013,3,Michigan,Akron,425,418,1286,2314,4,2.0,4,2,0.3,0,0.5,0.5
28,2013,3,Michigan State,Youngstown State,547,172,1286,2314,7,2.0,1,2,0.6666666666666666,1.0,0.16666666666666666,0.16666666666666666
29,2013,3,Penn State,UCF,455,507,1286,2314,4,4.0,1,1,0.25,0.5,0.5833333333333334,0.5833333333333334
30,2013,3,Illinois,Washington,327,615,1286,2314,3,4.0,1,2,0.4,1.0,0.625,0.625
31,2013,3,Iowa State,Iowa,319,378,1286,2314,3,3.0,2,1,0.35714285714285715,0.6666666666666666,0.55,0.55
32,2013,3,California,Ohio State,503,608,1286,2314,4,7.0,2,1,0.375,0.6666666666666666,0.4,0.4
33,2013,3,Purdue,Notre Dame,294,400,1286,2314,3,3.0,1,1,0.4375,1.0,0.6875,0.6875
34,2013,3,Northwestern,Western Michigan,471,345,1286,2314,5,2.0,2,1,0.5,0,0.2777777777777778,0.2777777777777778
35,2013,3,Arizona State,Wisconsin,468,441,1286,2314,4,3.0,2,1,0.4444444444444444,0,0.47058823529411764,0.47058823529411764
36,2013,4,Ohio State,Florida A&M,603,80,1286,2314,11,0.0,1,2,0.5,1.0,0.09090909090909091,0.09090909090909091
37,2013,4,Minnesota,San José State,424,486,1286,2314,6,3.0,0,3,0.5384615384615384,1.0,0.1111111111111111,0.1111111111111111
38,2013,4,Iowa,Western Michigan,446,209,1286,2314,4,0.0,2,4,0.6,1.0,0.07142857142857142,0.07142857142857142
39,2013,4,Penn State,Kent State,463,190,1286,2314,4,0.0,1,1,0.3888888888888889,0.6666666666666666,0.2,0.2
40,2013,4,Northwestern,Maine,373,379,1286,2314,3,3.0,2,3,0.5,0.5,0.5625,0.5625
41,2013,4,Notre Dame,Michigan State,220,254,1286,2314,2,1.0,0,1,0.35294117647058826,0,0.4444444444444444,0.4444444444444444
42,2013,4,Wisconsin,Purdue,546,180,1286,2314,5,1.0,1,1,0.38461538461538464,0.5,0.14285714285714285,0.14285714285714285
43,2013,4,Nebraska,South Dakota State,645,465,1286,2314,7,2.0,2,3,0.7,1.0,0.2727272727272727,0.2727272727272727
44,2013,4,Connecticut,Michigan,206,289,1286,2314,2,3.0,1,4,0.09090909090909091,0,0.4117647058823529,0.4117647058823529
45,2013,4,Indiana,Missouri,475,623,1286,2314,4,5.0,3,3,0.29411764705882354,0.5,0.5,0.5
46,2013,5,Purdue,Northern Illinois,524,402,1286,2314,3,5.0,5,1,0.3333333333333333,0.5,0.36363636363636365,0.36363636363636365
47,2013,5,Illinois,Miami (OH),601,250,1286,2314,7,2.0,2,0,0.7142857142857143,1.0,0.18181818181818182,0.18181818181818182
48,2013,5,Minnesota,Iowa,165,464,1286,2314,1,2.0,2,1,0.3076923076923077,0.5,0.5714285714285714,0.5714285714285714
49,2013,5,Ohio State,Wisconsin,390,399,1286,2314,4,3.0,0,1,0.4,0.5,0.25,0.25
50,2013,6,Iowa,Michigan State,264,412,1286,2314,2,2.0,2,1,0.26666666666666666,0,0.3157894736842105,0.3157894736842105
51,2013,6,Nebraska,Illinois,521,372,1286,2314,5,2.0,1,2,0.5,0,0.26666666666666666,0.26666666666666666
52,2013,6,Indiana,Penn State,486,410,1286,2314,5,3.0,1,1,0.26666666666666666,0,0.5,0.5
53,2013,6,Michigan,Minnesota,348,281,1286,2314,5,1.0,0,2,0.7692307692307693,0,0.5333333333333333,0.5333333333333333
54,2013,6,Northwestern,Ohio State,437,451,1286,2314,3,3.0,2,3,0.35714285714285715,0,0.5384615384615384,0.5384615384615384
55,2013,7,Michigan State,Indiana,473,351,1286,2314,6,4.0,2,1,0.6666666666666666,0,0.4444444444444444,0.4444444444444444
56,2013,7,Purdue,Nebraska,216,435,1286,2314,1,6.0,2,3,0.21428571428571427,0,0.5238095238095238,0.5238095238095238
57,2013,7,Wisconsin,Northwestern,527,241,1286,2314,5,0.0,3,1,0.5,0,0.11764705882352941,0.11764705882352941
58,2013,7,Penn State,Michigan,390,389,1286,2314,5,3.0,4,3,0.1875,0.6666666666666666,0.2222222222222222,0.2222222222222222
59,2013,8,Northwestern,Minnesota,328,299,1286,2314,2,1.0,3,0,0.375,1.0,0.3076923076923077,0.3076923076923077
60,2013,8,Michigan State,Purdue,294,226,1286,2314,1,0.0,0,2,0.38461538461538464,1.0,0.3333333333333333,0.3333333333333333
61,2013,8,Michigan,Indiana,751,572,1286,2314,9,6.0,2,2,0.6363636363636364,1.0,0.5714285714285714,0.5714285714285714
62,2013,8,Ohio State,Iowa,495,375,1286,2314,4,3.0,0,1,0.7142857142857143,0,0.6153846153846154,0.6153846153846154
63,2013,8,Illinois,Wisconsin,391,478,1286,2314,4,8.0,2,0,0.45454545454545453,0,0.5,0.5
64,2013,9,Minnesota,Nebraska,430,328,1286,2314,4,2.0,0,2,0.38461538461538464,1.0,0.3333333333333333,0.3333333333333333
65,2013,9,Iowa,Northwestern,305,329,1286,2314,2,1.0,1,2,0.42857142857142855,0.5,0.5714285714285714,0.5714285714285714
66,2013,9,Illinois,Michigan State,128,477,1286,2314,0,6.0,2,1,0.3,0,0.875,0.875
67,2013,9,Ohio State,Penn State,686,357,1286,2314,9,2.0,0,3,0.7,0,0.5,0.5
68,2013,10,Penn State,Illinois,490,411,1286,2314,3,2.0,1,2,0.4444444444444444,0.6666666666666666,0.6153846153846154,0.6153846153846154
69,2013,10,Purdue,Ohio State,116,640,1286,2314,0,7.0,2,1,0.16666666666666666,0,0.6666666666666666,0.6666666666666666
70,2013,10,Iowa,Wisconsin,289,362,1286,2314,0,4.0,2,1,0.2222222222222222,0.5,0.26666666666666666,0.26666666666666666
71,2013,10,Nebraska,Northwestern,472,326,1286,2314,3,3.0,4,1,0.3125,1.0,0.14285714285714285,0.14285714285714285
72,2013,10,Michigan State,Michigan,394,168,1286,2314,3,0.0,1,1,0.5,0,0.14285714285714285,0.14285714285714285
73,2013,10,Indiana,Minnesota,496,573,1286,2314,5,6.0,1,1,0.4,0,0.42857142857142855,0.42857142857142855
74,2013,11,Minnesota,Penn State,381,353,1286,2314,3,1.0,1,2,0.5294117647058824,1.0,0.1111111111111111,0.1111111111111111
75,2013,11,Purdue,Iowa,266,509,1286,2314,2,5.0,1,1,0.47058823529411764,0.5,0.6666666666666666,0.6666666666666666
76,2013,11,Michigan,Nebraska,175,273,1286,2314,1,2.0,0,2,0.2,0.3333333333333333,0.375,0.375
77,2013,11,Wisconsin,BYU,425,370,1286,2314,3,2.0,2,1,0.4117647058823529,1.0,0.3684210526315789,0.3684210526315789
78,2013,11,Indiana,Illinois,650,612,1286,2314,7,5.0,2,1,0.36363636363636365,1.0,0.5789473684210527,0.5789473684210527
79,2013,12,Wisconsin,Indiana,676,224,1286,2314,6,0.0,0,2,0.3,1.0,0.25,0.25
80,2013,12,Illinois,Ohio State,420,591,1286,2314,4,7.0,2,1,0.3888888888888889,0,0.3076923076923077,0.3076923076923077
81,2013,12,Penn State,Purdue,501,264,1286,2314,6,2.0,2,3,0.8333333333333334,0,0.36363636363636365,0.36363636363636365
82,2013,12,Northwestern,Michigan,322,365,1286,2314,1,2.0,1,0,0.3,0.5,0.17647058823529413,0.17647058823529413
83,2013,12,Nebraska,Michigan State,392,361,1286,2314,4,5.0,5,0,0.4166666666666667,1.0,0.5238095238095238,0.5238095238095238
84,2013,13,Purdue,Illinois,283,380,1286,2314,2,2.0,1,4,0.26666666666666666,0.3333333333333333,0.45454545454545453,0.45454545454545453
85,2013,13,Northwestern,Michigan State,319,464,1286,2314,0,4.0,3,0,0.26666666666666666,0.3333333333333333,0.3333333333333333,0.3333333333333333
86,2013,13,Iowa,Michigan,407,158,1286,2314,3,2.0,4,1,0.26666666666666666,0.3333333333333333,0.2857142857142857,0.2857142857142857
87,2013,13,Minnesota,Wisconsin,185,324,1286,2314,0,2.0,3,1,0.23076923076923078,0.3333333333333333,0.25,0.25
88,2013,13,Ohio State,Indiana,471,442,1286,2314,6,2.0,3,0,0.7142857142857143,0,0.3333333333333333,0.3333333333333333
89,2013,13,Penn State,Nebraska,387,360,1286,2314,3,1.0,1,2,0.14285714285714285,0,0.17647058823529413,0.17647058823529413
90,2013,14,Nebraska,Iowa,288,282,1286,2314,2,5.0,3,0,0.21428571428571427,0.3333333333333333,0.375,0.375
91,2013,14,Michigan State,Minnesota,324,249,1286,2314,2,0.0,2,3,0,0,0.4,0.4
92,2013,14,Michigan,Ohio State,603,526,1286,2314,6,6.0,1,2,0.5714285714285714,0.5,0.375,0.375
93,2013,14,Wisconsin,Penn State,459,465,1286,2314,3,4.0,3,0,0.47058823529411764,0.6666666666666666,0.38461538461538464,0.38461538461538464
94,2013,14,Indiana,Purdue,692,516,1286,2314,8,5.0,2,0,0.8888888888888888,0,0.3333333333333333,0.3333333333333333
95,2013,14,Illinois,Northwestern,492,560,1286,2314,4,4.0,1,0,0.4666666666666667,0,0.6,0.6
96,2013,15,Michigan State,Ohio State,438,374,1286,2314,4,3.0,1,0,0.3333333333333333,1.0,0.1,0.1
97,2014,1,Minnesota,Eastern Illinois,338,409,1286,2314,5,3.0,1,3,0.5,0,0.38095238095238093,0.38095238095238093
98,2014,1,Washington State,Rutgers,538,496,1286,2314,5,5.0,2,1,0.6153846153846154,0,0.42857142857142855,0.42857142857142855
99,2014,1,Michigan State,Jacksonville State,565,244,1286,2314,6,1.0,0,3,0.46153846153846156,1.0,0.4,0.4
100,2014,1,UCF,Penn State,246,511,1286,2314,3,2.0,1,3,0.38461538461538464,0.5,0.5555555555555556,0.5555555555555556
101,2014,1,Navy,Ohio State,390,420,1286,2314,2,3.0,1,1,0.3333333333333333,1.0,0.25,0.25
102,2014,1,Michigan,Appalachian State,560,280,1286,2314,6,2.0,1,0,0.625,0,0.29411764705882354,0.29411764705882354
103,2014,1,Purdue,Western Michigan,407,456,1286,2314,5,5.0,0,1,0.4117647058823529,0.5,0.35714285714285715,0.35714285714285715
104,2014,1,Illinois,Youngstown State,363,380,1286,2314,4,1.0,1,0,0.5333333333333333,0,0.25,0.25
105,2014,1,Indiana,Indiana State,566,170,1286,2314,4,1.0,2,0,0.6470588235294118,0,0.14285714285714285,0.14285714285714285
106,2014,1,Iowa,Northern Iowa,401,405,1286,2314,4,2.0,1,2,0.5,0,0.375,0.375
107,2014,1,Nebraska,Florida Atlantic,784,200,1286,2314,7,1.0,0,0,0.6666666666666666,0,0.26666666666666666,0.26666666666666666
108,2014,1,Maryland,James Madison,471,302,1286,2314,7,1.0,1,3,0.5,1.0,0.21052631578947367,0.21052631578947367
109,2014,1,Northwestern,California,354,414,1286,2314,3,4.0,2,2,0.4,0.5,0.47058823529411764,0.47058823529411764
110,2014,1,LSU,Wisconsin,365,318,1286,2314,3,3.0,1,2,0.35294117647058826,1.0,0.26666666666666666,0.26666666666666666
111,2014,2,Wisconsin,Western Illinois,456,162,1286,2314,5,0.0,1,2,0.5,0.6666666666666666,0.36363636363636365,0.36363636363636365
112,2014,2,Rutgers,Howard,397,427,1286,2314,5,4.0,1,2,0.3,0,0.42857142857142855,0.42857142857142855
113,2014,2,Nebraska,McNeese,437,338,1286,2314,4,2.0,1,1,0.3076923076923077,0.5,0.29411764705882354,0.29411764705882354
114,2014,2,Purdue,Central Michigan,326,333,1286,2314,2,4.0,3,1,0.42857142857142855,0.4,0.46153846153846156,0.46153846153846156
115,2014,2,Illinois,Western Kentucky,520,400,1286,2314,5,3.0,3,3,0.7692307692307693,0,0.4375,0.4375
116,2014,2,Penn State,Akron,425,277,1286,2314,3,0.0,3,0,0.4,0,0.29411764705882354,0.29411764705882354
117,2014,2,Minnesota,Middle Tennessee,351,445,1286,2314,4,3.0,1,3,0.4166666666666667,0,0.4666666666666667,0.4666666666666667
118,2014,2,Northwestern,Northern Illinois,394,401,1286,2314,2,3.0,1,0,0.6086956521739131,0,0.3888888888888889,0.3888888888888889
119,2014,2,South Florida,Maryland,257,317,1286,2314,1,2.0,1,6,0.42857142857142855,0,0.5714285714285714,0.5714285714285714
120,2014,2,Iowa,Ball State,455,219,1286,2314,2,0.0,2,1,0.5263157894736842,0,0.25,0.25
121,2014,2,Oregon,Michigan State,491,466,1286,2314,6,3.0,0,2,0.375,1.0,0.4117647058823529,0.4117647058823529
122,2014,2,Notre Dame,Michigan,280,289,1286,2314,4,0.0,0,4,0.4666666666666667,1.0,0.3076923076923077,0.3076923076923077
123,2014,2,Ohio State,Virginia Tech,327,324,1286,2314,3,4.0,3,3,0.25,1.0,0.5294117647058824,0.5294117647058824
124,2014,3,Bowling Green,Indiana,571,582,1286,2314,5,6.0,2,1,0.3888888888888889,0.5,0.3333333333333333,0.3333333333333333
125,2014,3,Maryland,West Virginia,447,694,1286,2314,3,5.0,1,4,0.26666666666666666,0,0.4583333333333333,0.4583333333333333
126,2014,3,Ohio State,Kent State,628,126,1286,2314,9,0.0,3,3,0.6666666666666666,0.5,0.14285714285714285,0.14285714285714285
127,2014,3,Michigan,Miami (OH),460,198,1286,2314,4,1.0,3,1,0.46153846153846156,0,0.16666666666666666,0.16666666666666666
128,2014,3,Iowa,Iowa State,275,337,1286,2314,2,2.0,2,1,0.4375,1.0,0.36363636363636365,0.36363636363636365
129,2014,3,Washington,Illinois,464,351,1286,2314,3,2.0,1,3,0.5,0.5,0.09090909090909091,0.09090909090909091
130,2014,3,TCU,Minnesota,427,268,1286,2314,3,1.0,2,5,0.16666666666666666,0,0.1875,0.1875
131,2014,3,Notre Dame,Purdue,398,290,1286,2314,3,2.0,1,3,0.47058823529411764,0,0.4,0.4
132,2014,3,Rutgers,Penn State,294,373,1286,2314,1,1.0,5,1,0.35714285714285715,0,0.45,0.45
133,2014,3,Fresno State,Nebraska,346,562,1286,2314,2,6.0,0,1,0.2608695652173913,1.0,0.4,0.4
134,2014,4,Pittsburgh,Iowa,435,311,1286,2314,2,3.0,1,1,0.46153846153846156,0.6666666666666666,0.36363636363636365,0.36363636363636365
135,2014,4,Northwestern,Western Illinois,283,376,1286,2314,3,1.0,2,4,0.21428571428571427,0.5,0.23529411764705882,0.23529411764705882
136,2014,4,Purdue,Southern Illinois,381,330,1286,2314,4,1.0,1,2,0.5,0,0.5555555555555556,0.5555555555555556
137,2014,4,Michigan State,Eastern Michigan,496,135,1286,2314,10,2.0,1,6,0.5294117647058824,0,0.07692307692307693,0.07692307692307693
138,2014,4,Wisconsin,Bowling Green,756,271,1286,2314,9,2.0,3,2,0.42857142857142855,0,0.125,0.125
139,2014,4,Syracuse,Maryland,589,369,1286,2314,2,3.0,2,0,0.2857142857142857,0,0.3076923076923077,0.3076923076923077
140,2014,4,Navy,Rutgers,402,435,1286,2314,3,4.0,1,1,0.5,0,0.5714285714285714,0.5714285714285714
141,2014,4,Michigan,Utah,308,286,1286,2314,0,1.0,4,1,0.47368421052631576,0.5,0.35294117647058826,0.35294117647058826
142,2014,4,Missouri,Indiana,503,493,1286,2314,3,4.0,1,0,0.3125,1.0,0.07142857142857142,0.07142857142857142
143,2014,4,Illinois,Texas State,485,475,1286,2314,5,5.0,1,1,0.2857142857142857,0,0.47619047619047616,0.47619047619047616
144,2014,4,Minnesota,San José State,387,254,1286,2314,3,1.0,2,5,0.4166666666666667,0,0.5333333333333333,0.5333333333333333
145,2014,4,Penn State,UMass,464,266,1286,2314,6,1.0,0,1,0.5882352941176471,1.0,0.23076923076923078,0.23076923076923078
146,2014,4,Nebraska,Miami,456,435,1286,2314,4,4.0,2,3,0.7,0,0.4,0.4
147,2014,5,Rutgers,Tulane,462,304,1286,2314,4,1.0,1,0,0.3,1.0,0.2,0.2
148,2014,5,Michigan State,Wyoming,533,286,1286,2314,8,2.0,0,3,0.5833333333333334,0.5,0.4166666666666667,0.4166666666666667
149,2014,5,Wisconsin,South Florida,454,245,1286,2314,3,1.0,1,2,0.4166666666666667,0,0.2222222222222222,0.2222222222222222
150,2014,5,Purdue,Iowa,156,420,1286,2314,0,3.0,2,1,0.35294117647058826,0,0.42105263157894735,0.42105263157894735
151,2014,5,Penn State,Northwestern,266,361,1286,2314,0,3.0,2,1,0.17647058823529413,0.25,0.4117647058823529,0.4117647058823529
152,2014,5,Indiana,Maryland,332,484,1286,2314,1,4.0,1,0,0.47368421052631576,0,0.35714285714285715,0.35714285714285715
153,2014,5,Michigan,Minnesota,171,373,1286,2314,2,2.0,2,0,0.3076923076923077,0,0.35714285714285715,0.35714285714285715
154,2014,5,Ohio State,Cincinnati,710,422,1286,2314,6,4.0,1,0,0.6428571428571429,0.5,0.36363636363636365,0.36363636363636365
155,2014,5,Nebraska,Illinois,624,339,1286,2314,6,2.0,2,3,0.4666666666666667,0.5,0.21428571428571427,0.21428571428571427
156,2014,6,Illinois,Purdue,515,551,1286,2314,4,5.0,2,0,0.6875,0,0.5,0.5
157,2014,6,Maryland,Ohio State,310,533,1286,2314,3,6.0,4,0,0.38461538461538464,1.0,0.5714285714285714,0.5714285714285714
158,2014,6,Indiana,North Texas,593,348,1286,2314,7,3.0,1,2,0.5333333333333333,0.6666666666666666,0.4,0.4
159,2014,6,Northwestern,Wisconsin,385,422,1286,2314,2,2.0,0,4,0.3125,1.0,0.3333333333333333,0.3333333333333333
160,2014,6,Rutgers,Michigan,476,336,1286,2314,3,3.0,0,1,0.5,0,0.36363636363636365,0.36363636363636365
161,2014,6,Michigan State,Nebraska,422,329,1286,2314,3,2.0,3,4,0.23529411764705882,1.0,0.2,0.2
162,2014,7,Iowa,Indiana,426,432,1286,2314,5,4.0,0,3,0.3125,1.0,0.2,0.2
163,2014,7,Minnesota,Northwestern,274,393,1286,2314,2,2.0,1,1,0.5,0,0.4117647058823529,0.4117647058823529
164,2014,7,Wisconsin,Illinois,498,288,1286,2314,5,4.0,0,1,0.3076923076923077,1.0,0.38461538461538464,0.38461538461538464
165,2014,7,Purdue,Michigan State,340,532,1286,2314,4,5.0,2,1,0.16666666666666666,0.75,0.45454545454545453,0.45454545454545453
166,2014,7,Michigan,Penn State,256,214,1286,2314,1,1.0,1,1,0.4,0,0.35294117647058826,0.35294117647058826
167,2014,8,Maryland,Iowa,418,433,1286,2314,4,4.0,2,3,0.25,1.0,0.3333333333333333,0.3333333333333333
168,2014,8,Minnesota,Purdue,450,451,1286,2314,5,5.0,1,2,0.5,0,0.38461538461538464,0.38461538461538464
169,2014,8,Ohio State,Rutgers,585,345,1286,2314,7,2.0,1,3,0.5555555555555556,0.6666666666666666,0.21428571428571427,0.21428571428571427
170,2014,8,Indiana,Michigan State,224,662,1286,2314,2,8.0,1,1,0.08333333333333333,0,0.625,0.625
171,2014,8,Northwestern,Nebraska,290,471,1286,2314,2,5.0,1,0,0.3125,0,0.5333333333333333,0.5333333333333333
172,2014,9,Wisconsin,Maryland,527,175,1286,2314,7,1.0,0,1,0.42857142857142855,1.0,0.2,0.2
173,2014,9,Nebraska,Rutgers,455,348,1286,2314,6,3.0,2,1,0.6153846153846154,0,0.3333333333333333,0.3333333333333333
174,2014,9,Illinois,Minnesota,263,411,1286,2314,3,3.0,1,3,0.2857142857142857,1.0,0.25,0.25
175,2014,9,Michigan State,Michigan,446,186,1286,2314,4,1.0,2,3,0.5,0,0.35714285714285715,0.35714285714285715
176,2014,9,Penn State,Ohio State,240,293,1286,2314,2,4.0,2,2,0.4444444444444444,0,0.3888888888888889,0.3888888888888889
177,2014,10,Penn State,Maryland,219,192,1286,2314,1,2.0,4,2,0.3,0.5,0.06666666666666667,0.06666666666666667
178,2014,10,Iowa,Northwestern,483,180,1286,2314,5,1.0,1,1,0.6428571428571429,0,0.26666666666666666,0.26666666666666666
179,2014,10,Rutgers,Wisconsin,139,385,1286,2314,0,4.0,1,1,0.2,0,0.3333333333333333,0.3333333333333333
180,2014,10,Nebraska,Purdue,297,340,1286,2314,5,2.0,3,2,0.2857142857142857,0.6666666666666666,0.125,0.125
181,2014,10,Michigan,Indiana,404,191,1286,2314,4,1.0,1,2,0.46153846153846156,0,0.23076923076923078,0.23076923076923078
182,2014,10,Ohio State,Illinois,545,243,1286,2314,7,2.0,1,4,0.5833333333333334,0,0.375,0.375
183,2014,11,Indiana,Penn State,221,330,1286,2314,0,1.0,2,2,0.17647058823529413,0,0.23529411764705882,0.23529411764705882
184,2014,11,Purdue,Wisconsin,230,489,1286,2314,1,4.0,0,2,0.29411764705882354,0,0.5333333333333333,0.5333333333333333
185,2014,11,Minnesota,Iowa,429,205,1286,2314,7,2.0,0,3,0.6666666666666666,1.0,0.38461538461538464,0.38461538461538464
186,2014,11,Northwestern,Michigan,264,256,1286,2314,1,1.0,3,3,0.47619047619047616,0,0.08333333333333333,0.08333333333333333
187,2014,11,Michigan State,Ohio State,536,568,1286,2314,5,7.0,0,2,0.5333333333333333,0,0.7142857142857143,0.7142857142857143
188,2014,12,Minnesota,Ohio State,303,489,1286,2314,3,4.0,2,3,0.35714285714285715,1.0,0.6923076923076923,0.6923076923076923
189,2014,12,Illinois,Iowa,235,587,1286,2314,2,4.0,0,1,0.375,1.0,0.6666666666666666,0.6666666666666666
190,2014,12,Penn State,Temple,366,248,1286,2314,2,1.0,3,5,0.3076923076923077,1.0,0.1875,0.1875
191,2014,12,Rutgers,Indiana,429,473,1286,2314,6,2.0,1,3,0.2857142857142857,0,0.06666666666666667,0.06666666666666667
192,2014,12,Notre Dame,Northwestern,498,547,1286,2314,5,4.0,4,4,0.4666666666666667,1.0,0.4,0.4
193,2014,12,Wisconsin,Nebraska,627,180,1286,2314,8,3.0,4,5,0.375,0,0.21428571428571427,0.21428571428571427
194,2014,12,Maryland,Michigan State,252,482,1286,2314,2,3.0,4,0,0.14285714285714285,0.3333333333333333,0.3333333333333333,0.3333333333333333
195,2014,13,Ohio State,Indiana,527,395,1286,2314,5,3.0,3,1,0.5,1.0,0.25,0.25
196,2014,13,Nebraska,Minnesota,397,416,1286,2314,2,4.0,2,0,0.46153846153846156,0,0.4166666666666667,0.4166666666666667
197,2014,13,Purdue,Northwestern,312,414,1286,2314,2,4.0,5,2,0.3888888888888889,0.3333333333333333,0.375,0.375
198,2014,13,Michigan State,Rutgers,520,234,1286,2314,6,0.0,2,3,0.6153846153846154,1.0,0.2857142857142857,0.2857142857142857
199,2014,13,Illinois,Penn State,283,265,1286,2314,1,2.0,0,1,0.125,0,0.4,0.4
200,2014,13,Iowa,Wisconsin,412,405,1286,2314,3,3.0,1,0,0.4166666666666667,1.0,0.5384615384615384,0.5384615384615384
201,2014,13,Michigan,Maryland,398,312,1286,2314,1,2.0,1,0,0.38461538461538464,0.3333333333333333,0.25,0.25
202,2014,14,Iowa,Nebraska,372,363,1286,2314,2,4.0,4,2,0.5,1.0,0.3333333333333333,0.3333333333333333
203,2014,14,Indiana,Purdue,358,351,1286,2314,2,1.0,2,4,0.4117647058823529,0,0.3125,0.3125
204,2014,14,Ohio State,Michigan,416,372,1286,2314,5,4.0,0,2,0.5384615384615384,1.0,0.5,0.5
205,2014,14,Northwestern,Illinois,372,438,1286,2314,3,5.0,5,1,0.4117647058823529,1.0,0.35714285714285715,0.35714285714285715
206,2014,14,Wisconsin,Minnesota,448,272,1286,2314,4,3.0,1,1,0.4166666666666667,0,0.3333333333333333,0.3333333333333333
207,2014,14,Penn State,Michigan State,233,298,1286,2314,1,3.0,2,1,0.375,0.3333333333333333,0.5625,0.5625
208,2014,14,Maryland,Rutgers,476,491,1286,2314,5,5.0,0,2,0.5384615384615384,0,0.5714285714285714,0.5714285714285714
209,2014,15,Ohio State,Wisconsin,558,258,1286,2314,7,0.0,0,4,0.25,0,0.2777777777777778,0.2777777777777778
210,2015,1,Utah,Michigan,337,355,1286,2314,2,2.0,1,3,0.23076923076923078,0.6666666666666666,0.375,0.375
211,2015,1,Minnesota,TCU,341,449,1286,2314,2,2.0,2,2,0.26666666666666666,0.5,0.3684210526315789,0.3684210526315789
212,2015,1,Western Michigan,Michigan State,383,452,1286,2314,2,5.0,2,1,0.4444444444444444,1.0,0.6666666666666666,0.6666666666666666
213,2015,1,Iowa,Illinois State,431,231,1286,2314,4,2.0,1,0,0.5,0.6666666666666666,0.5,0.5
214,2015,1,Maryland,Richmond,479,276,1286,2314,5,3.0,1,0,0.5833333333333334,0,0.16666666666666666,0.16666666666666666
215,2015,1,Northwestern,Stanford,330,240,1286,2314,1,0.0,0,2,0.5454545454545454,1.0,0.2,0.2
216,2015,1,Rutgers,Norfolk State,539,196,1286,2314,8,2.0,1,1,0.5555555555555556,0.6666666666666666,0.2857142857142857,0.2857142857142857
217,2015,1,Illinois,Kent State,342,245,1286,2314,7,0.0,1,4,0.23076923076923078,1.0,0.16666666666666666,0.16666666666666666
218,2015,1,Temple,Penn State,317,183,1286,2314,3,1.0,1,1,0.4117647058823529,0,0.15384615384615385,0.15384615384615385
219,2015,1,Nebraska,BYU,445,511,1286,2314,4,4.0,2,1,0.42857142857142855,0,0.21428571428571427,0.21428571428571427
220,2015,1,Indiana,Southern Illinois,595,659,1286,2314,6,5.0,0,2,0.38461538461538464,1.0,0.6470588235294118,0.6470588235294118
221,2015,1,Alabama,Wisconsin,502,268,1286,2314,5,2.0,0,1,0.36363636363636365,1.0,0.42857142857142855,0.42857142857142855
222,2015,1,Marshall,Purdue,397,454,1286,2314,3,4.0,3,4,0.3333333333333333,0,0.45454545454545453,0.45454545454545453
223,2015,1,Virginia Tech,Ohio State,320,572,1286,2314,3,6.0,2,3,0.47058823529411764,0,0.3333333333333333,0.3333333333333333
224,2015,2,Michigan,Oregon State,405,138,1286,2314,4,1.0,2,1,0.46153846153846156,1.0,0.09090909090909091,0.09090909090909091
225,2015,2,Purdue,Indiana State,540,362,1286,2314,5,2.0,2,3,0.3333333333333333,0.5,0.1875,0.1875
226,2015,2,Wisconsin,Miami (OH),451,157,1286,2314,7,0.0,1,4,0.5625,0,0.2,0.2
227,2015,2,Penn State,Buffalo,328,274,1286,2314,3,2.0,0,1,0.4,0.3333333333333333,0.3125,0.3125
228,2015,2,Illinois,Western Illinois,500,141,1286,2314,4,0.0,4,2,0.5,1.0,0.06666666666666667,0.06666666666666667
229,2015,2,Maryland,Bowling Green,341,692,1286,2314,2,7.0,4,1,0.23076923076923078,0,0.4444444444444444,0.4444444444444444
230,2015,2,Rutgers,Washington State,402,559,1286,2314,2,4.0,3,0,0.5,1.0,0.23076923076923078,0.23076923076923078
231,2015,2,Ohio State,Hawai'i,363,165,1286,2314,4,0.0,0,4,0.47058823529411764,0.3333333333333333,0.14285714285714285,0.14285714285714285
232,2015,2,Colorado State,Minnesota,314,413,1286,2314,2,2.0,4,2,0.3684210526315789,1.0,0.3157894736842105,0.3157894736842105
233,2015,2,Northwestern,Eastern Illinois,496,138,1286,2314,4,0.0,1,2,0.5882352941176471,0,0,0
234,2015,2,Iowa State,Iowa,310,475,1286,2314,2,4.0,1,1,0.2857142857142857,0,0.5,0.5
235,2015,2,Nebraska,South Alabama,561,332,1286,2314,6,1.0,1,3,0.5555555555555556,0,0.4375,0.4375
236,2015,2,Indiana,Florida International,439,406,1286,2314,3,3.0,1,3,0.3888888888888889,0.5,0.3684210526315789,0.3684210526315789
237,2015,2,Michigan State,Oregon,389,432,1286,2314,4,3.0,1,2,0.25,1.0,0.3076923076923077,0.3076923076923077
238,2015,3,Michigan State,Air Force,324,428,1286,2314,4,3.0,0,3,0.5,0.5,0.3333333333333333,0.3333333333333333
239,2015,3,Michigan,UNLV,377,235,1286,2314,4,1.0,1,2,0.46153846153846156,0,0.3333333333333333,0.3333333333333333
240,2015,3,Minnesota,Kent State,288,142,1286,2314,1,0.0,3,0,0.47619047619047616,1.0,0.17647058823529413,0.17647058823529413
241,2015,3,North Carolina,Illinois,471,399,1286,2314,5,2.0,1,1,0.4,0,0.45,0.45
242,2015,3,Maryland,South Florida,411,300,1286,2314,5,2.0,3,2,0.5,1.0,0.3888888888888889,0.3888888888888889
243,2015,3,Duke,Northwestern,327,271,1286,2314,1,1.0,3,2,0.17647058823529413,0.5,0.3,0.3
244,2015,3,Miami,Nebraska,511,462,1286,2314,3,4.0,1,3,0.21428571428571427,0,0.4,0.4
245,2015,3,Purdue,Virginia Tech,265,471,1286,2314,2,4.0,3,1,0.13333333333333333,0.25,0.4375,0.4375
246,2015,3,Wisconsin,Troy,401,255,1286,2314,4,0.0,0,1,0.3,1.0,0.4117647058823529,0.4117647058823529
247,2015,3,Ohio State,Northern Illinois,298,190,1286,2314,1,1.0,5,2,0.15384615384615385,0,0.3,0.3
248,2015,3,Indiana,Western Kentucky,639,568,1286,2314,4,5.0,1,2,0.6153846153846154,0,0.45454545454545453,0.45454545454545453
249,2015,3,Penn State,Rutgers,471,294,1286,2314,4,0.0,1,3,0.3333333333333333,0,0.3333333333333333,0.3333333333333333
250,2015,3,Iowa,Pittsburgh,363,282,1286,2314,3,2.0,1,2,0.4666666666666667,0,0.3076923076923077,0.3076923076923077
251,2015,4,Rutgers,Kansas,513,342,1286,2314,4,2.0,3,1,0.6666666666666666,0,0.46153846153846156,0.46153846153846156
252,2015,4,Michigan State,Central Michigan,324,340,1286,2314,4,1.0,0,1,0.5,0,0.4666666666666667,0.4666666666666667
253,2015,4,Purdue,Bowling Green,426,539,1286,2314,4,5.0,1,2,0.5294117647058824,1.0,0.6875,0.6875
254,2015,4,Nebraska,Southern Mississippi,610,458,1286,2314,3,4.0,2,1,0.3076923076923077,1.0,0.2857142857142857,0.2857142857142857
255,2015,4,Michigan,BYU,448,105,1286,2314,4,0.0,0,0,0.5294117647058824,0,0.26666666666666666,0.26666666666666666
256,2015,4,Wake Forest,Indiana,363,416,1286,2314,3,3.0,1,0,0.2222222222222222,0.5,0.4117647058823529,0.4117647058823529
257,2015,4,West Virginia,Maryland,601,326,1286,2314,6,1.0,2,6,0.5625,1.0,0.2857142857142857,0.2857142857142857
258,2015,4,Minnesota,Ohio,468,345,1286,2314,3,3.0,1,0,0.4444444444444444,0,0.5,0.5
259,2015,4,Ohio State,Western Michigan,511,338,1286,2314,4,2.0,2,1,0.6153846153846154,0,0.4117647058823529,0.4117647058823529
260,2015,4,Iowa,North Texas,488,356,1286,2314,7,1.0,2,3,0.6666666666666666,0,0.3333333333333333,0.3333333333333333
261,2015,4,Penn State,San Diego State,400,242,1286,2314,3,2.0,1,3,0.26666666666666666,0,0.29411764705882354,0.29411764705882354
262,2015,4,Illinois,Middle Tennessee,378,368,1286,2314,2,3.0,0,1,0.42105263157894735,0.5,0.2777777777777778,0.2777777777777778
263,2015,4,Wisconsin,Hawai'i,512,255,1286,2314,4,0.0,0,0,0.4,0,0.3076923076923077,0.3076923076923077
264,2015,4,Northwestern,Ball State,546,359,1286,2314,3,2.0,3,1,0.5909090909090909,0,0.3125,0.3125
265,2015,5,Michigan State,Purdue,406,301,1286,2314,3,3.0,0,3,0.35714285714285715,0,0.38461538461538464,0.38461538461538464
266,2015,5,Maryland,Michigan,105,378,1286,2314,0,3.0,3,3,0.05555555555555555,0,0.29411764705882354,0.29411764705882354
267,2015,5,Wisconsin,Iowa,320,221,1286,2314,0,1.0,4,2,0.3076923076923077,0,0.3333333333333333,0.3333333333333333
268,2015,5,Penn State,Army,264,293,1286,2314,2,2.0,0,3,0.3333333333333333,1.0,0.5,0.5
269,2015,5,Northwestern,Minnesota,312,173,1286,2314,2,0.0,0,2,0.4117647058823529,1.0,0.25,0.25
270,2015,5,Indiana,Ohio State,402,517,1286,2314,3,4.0,0,3,0.3181818181818182,0.3333333333333333,0.14285714285714285,0.14285714285714285
271,2015,5,Illinois,Nebraska,382,292,1286,2314,2,1.0,0,2,0.35,0,0.23529411764705882,0.23529411764705882
272,2015,6,Ohio State,Maryland,499,386,1286,2314,7,4.0,0,2,0.45454545454545453,0.5,0.35714285714285715,0.35714285714285715
273,2015,6,Iowa,Illinois,478,363,1286,2314,3,2.0,0,2,0.25,0.5,0.3333333333333333,0.3333333333333333
274,2015,6,Penn State,Indiana,420,234,1286,2314,4,1.0,1,1,0.35714285714285715,0,0.1875,0.1875
275,2015,6,Nebraska,Wisconsin,325,469,1286,2314,3,2.0,1,0,0.4444444444444444,0,0.3125,0.3125
276,2015,6,Purdue,Minnesota,275,408,1286,2314,2,4.0,4,1,0.17647058823529413,0.5,0.42857142857142855,0.42857142857142855
277,2015,6,Michigan,Northwestern,380,168,1286,2314,3,0.0,0,1,0.5,1.0,0.15384615384615385,0.15384615384615385
278,2015,6,Rutgers,Michigan State,349,489,1286,2314,3,4.0,0,1,0.25,0.6666666666666666,0.6470588235294118,0.6470588235294118
279,2015,7,Northwestern,Iowa,198,492,1286,2314,1,5.0,3,1,0.42105263157894735,0,0.5,0.5
280,2015,7,Wisconsin,Purdue,418,191,1286,2314,3,1.0,1,1,0.5,1.0,0.3076923076923077,0.3076923076923077
281,2015,7,Indiana,Rutgers,627,596,1286,2314,7,7.0,3,1,0.2,0.25,0.6,0.6
282,2015,7,Michigan,Michigan State,230,386,1286,2314,2,3.0,1,0,0.26666666666666666,0,0.23076923076923078,0.23076923076923078
283,2015,7,Minnesota,Nebraska,366,464,1286,2314,3,5.0,3,0,0.4,0.5,0.5384615384615384,0.5384615384615384
284,2015,7,Ohio State,Penn State,429,315,1286,2314,5,1.0,0,1,0.45454545454545453,0,0.08333333333333333,0.08333333333333333
285,2015,8,Nebraska,Northwestern,373,333,1286,2314,3,2.0,1,0,0.45,1.0,0.38461538461538464,0.38461538461538464
286,2015,8,Michigan State,Indiana,540,389,1286,2314,7,4.0,1,2,0.65,0,0.45454545454545453,0.45454545454545453
287,2015,8,Maryland,Penn State,466,363,1286,2314,3,4.0,5,3,0.3076923076923077,0,0.23076923076923078,0.23076923076923078
288,2015,8,Illinois,Wisconsin,333,419,1286,2314,1,3.0,2,2,0.25,0,0.5625,0.5625
289,2015,8,Rutgers,Ohio State,293,528,1286,2314,1,7.0,1,1,0.3333333333333333,1.0,0.5,0.5
290,2015,9,Wisconsin,Rutgers,426,165,1286,2314,6,0.0,2,2,0.5,1.0,0.13333333333333333,0.13333333333333333
291,2015,9,Purdue,Nebraska,457,484,1286,2314,8,6.0,0,5,0.47058823529411764,0.6666666666666666,0.5833333333333334,0.5833333333333334
292,2015,9,Penn State,Illinois,400,167,1286,2314,5,0.0,2,1,0.38461538461538464,1.0,0.2857142857142857,0.2857142857142857
293,2015,9,Iowa,Maryland,293,241,1286,2314,3,1.0,1,4,0.375,0,0.1,0.1
294,2015,9,Minnesota,Michigan,461,296,1286,2314,2,4.0,0,2,0.35714285714285715,1.0,0.4166666666666667,0.4166666666666667
295,2015,10,Northwestern,Penn State,396,362,1286,2314,2,3.0,1,2,0.35294117647058826,0,0.23529411764705882,0.23529411764705882
296,2015,10,Purdue,Illinois,263,595,1286,2314,2,6.0,2,0,0.3333333333333333,0.5,0.35714285714285715,0.35714285714285715
297,2015,10,Michigan,Rutgers,487,225,1286,2314,6,0.0,0,1,0.5384615384615384,0,0.23076923076923078,0.23076923076923078
298,2015,10,Indiana,Iowa,407,467,1286,2314,3,5.0,1,0,0.47058823529411764,1.0,0.5,0.5
299,2015,10,Maryland,Wisconsin,316,305,1286,2314,3,3.0,2,1,0.3125,0,0.23076923076923078,0.23076923076923078
300,2015,10,Nebraska,Michigan State,499,491,1286,2314,5,5.0,2,1,0.5,1.0,0.5714285714285714,0.5714285714285714
301,2015,10,Ohio State,Minnesota,376,314,1286,2314,3,2.0,1,1,0.4375,0,0.3684210526315789,0.3684210526315789
302,2015,11,Northwestern,Purdue,382,360,1286,2314,3,2.0,3,1,0.47058823529411764,0,0.42105263157894735,0.42105263157894735
303,2015,11,Michigan State,Maryland,262,289,1286,2314,2,1.0,3,5,0.375,0,0.25,0.25
304,2015,11,Illinois,Ohio State,261,440,1286,2314,0,4.0,2,2,0.29411764705882354,0,0.3076923076923077,0.3076923076923077
305,2015,11,Indiana,Michigan,527,581,1286,2314,3,6.0,0,1,0.35294117647058826,0.6,0.5,0.5
306,2015,11,Rutgers,Nebraska,259,362,1286,2314,2,4.0,2,3,0.21428571428571427,0,0.45454545454545453,0.45454545454545453
307,2015,11,Iowa,Minnesota,506,434,1286,2314,5,5.0,0,0,0.6666666666666666,0,0.5,0.5
308,2015,12,Iowa,Purdue,387,405,1286,2314,6,2.0,1,1,0.5,0,0.2222222222222222,0.2222222222222222
309,2015,12,Army,Rutgers,401,359,1286,2314,3,4.0,2,0,0.6923076923076923,0.5,0.3,0.3
310,2015,12,Maryland,Indiana,484,555,1286,2314,4,5.0,0,1,0.1875,0.3333333333333333,0.2857142857142857,0.2857142857142857
311,2015,12,Minnesota,Illinois,343,433,1286,2314,4,2.0,1,3,0.5384615384615384,0,0.47058823529411764,0.47058823529411764
312,2015,12,Penn State,Michigan,207,343,1286,2314,1,4.0,1,2,0.21428571428571427,0.5,0.5,0.5
313,2015,12,Ohio State,Michigan State,132,294,1286,2314,2,2.0,0,2,0.2857142857142857,1.0,0.4666666666666667,0.4666666666666667
314,2015,12,Wisconsin,Northwestern,203,209,1286,2314,1,1.0,5,0,0.15384615384615385,0,0.35,0.35
315,2015,13,Nebraska,Iowa,433,250,1286,2314,2,3.0,4,1,0.4375,0.3333333333333333,0,0
316,2015,13,Purdue,Indiana,486,659,1286,2314,5,7.0,4,1,0.375,0.6666666666666666,0.3333333333333333,0.3333333333333333
317,2015,13,Rutgers,Maryland,530,656,1286,2314,5,6.0,1,1,0.2727272727272727,0,0.35714285714285715,0.35714285714285715
318,2015,13,Michigan,Ohio State,364,482,1286,2314,1,6.0,1,0,0.5,0.3333333333333333,0.5384615384615384,0.5384615384615384
319,2015,13,Illinois,Northwestern,319,350,1286,2314,1,3.0,1,2,0.3333333333333333,0.5,0.3157894736842105,0.3157894736842105
320,2015,13,Michigan State,Penn State,436,418,1286,2314,6,2.0,1,4,0.7272727272727273,0,0.3333333333333333,0.3333333333333333
321,2015,13,Minnesota,Wisconsin,276,336,1286,2314,2,4.0,5,1,0.25,0,0.5,0.5
322,2015,14,Iowa,Michigan State,268,365,1286,2314,1,1.0,3,1,0.25,0,0.5,0.5
323,2016,1,Florida International,Indiana,331,486,1286,2314,1,2.0,3,1,0.2857142857142857,0.5,0.4,0.4
324,2016,1,Minnesota,Oregon State,280,317,1286,2314,4,3.0,1,2,0.47058823529411764,1.0,0.5263157894736842,0.5263157894736842
325,2016,1,Michigan State,Furman,361,226,1286,2314,4,1.0,2,1,0.4,0,0.21428571428571427,0.21428571428571427
326,2016,1,Maryland,Howard,519,269,1286,2314,6,2.0,0,0,0.5833333333333334,0,0.3333333333333333,0.3333333333333333
327,2016,1,Purdue,Eastern Kentucky,512,387,1286,2314,5,3.0,1,4,0.47058823529411764,0.5,0.5,0.5
328,2016,1,Michigan,Hawai'i,512,232,1286,2314,7,0.0,1,2,1.0,0,0.09090909090909091,0.09090909090909091
329,2016,1,Ohio State,Bowling Green,776,244,1286,2314,10,0.0,1,3,0.8461538461538461,0,0.1875,0.1875
330,2016,1,Northwestern,Western Michigan,319,416,1286,2314,3,2.0,1,0,0.4,0.6666666666666666,0.4117647058823529,0.4117647058823529
331,2016,1,Washington,Rutgers,380,304,1286,2314,4,1.0,1,3,0.25,0.5,0.25,0.25
332,2016,1,Wisconsin,LSU,339,257,1286,2314,1,1.0,3,3,0.2,0,0.2,0.2
333,2016,1,Illinois,Murray State,515,165,1286,2314,7,0.0,0,3,0.5,1.0,0.25,0.25
334,2016,1,Iowa,Miami (OH),404,424,1286,2314,6,3.0,0,3,0.4444444444444444,1.0,0.45454545454545453,0.45454545454545453
335,2016,1,Penn State,Kent State,354,279,1286,2314,3,0.0,1,3,0.3333333333333333,0,0.29411764705882354,0.29411764705882354
336,2016,1,Nebraska,Fresno State,406,274,1286,2314,6,1.0,0,2,0.45454545454545453,1.0,0.3333333333333333,0.3333333333333333
337,2016,2,Florida International,Maryland,372,477,1286,2314,2,4.0,1,0,0.3125,0,0.3333333333333333,0.3333333333333333
338,2016,2,Purdue,Cincinnati,504,512,1286,2314,3,5.0,5,0,0.5882352941176471,1.0,0.6190476190476191,0.6190476190476191
339,2016,2,Rutgers,Howard,512,253,1286,2314,6,2.0,1,1,0.5,1.0,0.3684210526315789,0.3684210526315789
340,2016,2,Minnesota,Indiana State,593,356,1286,2314,7,4.0,0,1,0.6428571428571429,0.5,0.4666666666666667,0.4666666666666667
341,2016,2,Michigan,UCF,447,331,1286,2314,6,2.0,0,2,0.4444444444444444,0.75,0.14285714285714285,0.14285714285714285
342,2016,2,Pittsburgh,Penn State,432,406,1286,2314,6,5.0,2,4,0.3333333333333333,0,0.2,0.2
343,2016,2,Nebraska,Wyoming,550,320,1286,2314,6,2.0,1,6,0.5714285714285714,0,0.2,0.2
344,2016,2,Wisconsin,Akron,586,224,1286,2314,7,0.0,0,2,0.6666666666666666,0,0.1,0.1
345,2016,2,Northwestern,Illinois State,277,372,1286,2314,1,1.0,0,2,0.2777777777777778,0.75,0.23076923076923078,0.23076923076923078
346,2016,2,Ohio State,Tulsa,417,188,1286,2314,4,0.0,1,6,0.35714285714285715,0.5,0.25,0.25
347,2016,2,Indiana,Ball State,453,371,1286,2314,3,1.0,0,3,0.15384615384615385,0,0.375,0.375
348,2016,2,Iowa,Iowa State,435,291,1286,2314,6,0.0,0,1,0.4,1.0,0.2,0.2
349,2016,2,Illinois,North Carolina,309,462,1286,2314,3,6.0,1,1,0.3888888888888889,0.5,0.4166666666666667,0.4166666666666667
350,2016,3,Wisconsin,Georgia State,400,302,1286,2314,2,2.0,2,0,0.5,1.0,0.3076923076923077,0.3076923076923077
351,2016,3,Penn State,Temple,403,324,1286,2314,4,3.0,3,1,0.2222222222222222,1.0,0.23076923076923078,0.23076923076923078
352,2016,3,Iowa,North Dakota State,231,363,1286,2314,3,2.0,1,1,0.38461538461538464,1.0,0.3076923076923077,0.3076923076923077
353,2016,3,Rutgers,New Mexico,350,462,1286,2314,3,4.0,1,2,0.35294117647058826,0,0.2,0.2
354,2016,3,Nebraska,Oregon,428,482,1286,2314,5,5.0,1,0,0.38461538461538464,0.6666666666666666,0.35714285714285715,0.35714285714285715
355,2016,3,Michigan,Colorado,397,325,1286,2314,4,3.0,1,0,0.3125,0,0.07692307692307693,0.07692307692307693
356,2016,3,Illinois,Western Michigan,315,437,1286,2314,1,4.0,2,0,0.09090909090909091,0,0.18181818181818182,0.18181818181818182
357,2016,3,UCF,Maryland,455,373,1286,2314,3,4.0,4,0,0.29411764705882354,0.6,0.26666666666666666,0.26666666666666666
358,2016,3,Notre Dame,Michigan State,401,501,1286,2314,4,5.0,3,1,0.36363636363636365,1.0,0.5,0.5
359,2016,3,Oklahoma,Ohio State,403,443,1286,2314,2,5.0,2,0,0.38461538461538464,0,0.42857142857142855,0.42857142857142855
360,2016,3,Northwestern,Duke,406,396,1286,2314,3,2.0,2,2,0.42105263157894735,0,0.29411764705882354,0.29411764705882354
361,2016,4,Minnesota,Colorado State,417,369,1286,2314,4,3.0,1,2,0.5384615384615384,1.0,0.3333333333333333,0.3333333333333333
362,2016,4,Michigan State,Wisconsin,325,317,1286,2314,0,3.0,4,2,0.3076923076923077,0,0.4375,0.4375
363,2016,4,Purdue,Nevada,466,253,1286,2314,3,2.0,4,0,0.7333333333333333,0.6666666666666666,0.6,0.6
364,2016,4,Rutgers,Iowa,383,355,1286,2314,1,2.0,1,0,0.375,0.3333333333333333,0.2727272727272727,0.2727272727272727
365,2016,4,Michigan,Penn State,515,191,1286,2314,7,1.0,0,2,0.6875,0.5,0.16666666666666666,0.16666666666666666
366,2016,4,Indiana,Wake Forest,611,352,1286,2314,4,3.0,5,0,0.35714285714285715,0,0.4,0.4
367,2016,4,Northwestern,Nebraska,388,556,1286,2314,2,3.0,2,2,0.35714285714285715,0,0.5,0.5
368,2016,5,Iowa,Northwestern,283,362,1286,2314,4,5.0,1,1,0.375,0,0.375,0.375
369,2016,5,Ohio State,Rutgers,669,116,1286,2314,8,0.0,1,0,0.625,0.75,0.2857142857142857,0.2857142857142857
370,2016,5,Michigan,Wisconsin,349,159,1286,2314,2,1.0,1,3,0.2,0,0.26666666666666666,0.26666666666666666
371,2016,5,Nebraska,Illinois,423,270,1286,2314,4,1.0,2,0,0.7142857142857143,1.0,0.2222222222222222,0.2222222222222222
372,2016,5,Maryland,Purdue,496,205,1286,2314,7,1.0,2,1,0.4166666666666667,1.0,0.3,0.3
373,2016,5,Penn State,Minnesota,471,469,1286,2314,3,2.0,0,1,0.26666666666666666,0.5,0.3333333333333333,0.3333333333333333
374,2016,5,Indiana,Michigan State,437,438,1286,2314,3,3.0,1,1,0.5625,0,0.26666666666666666,0.26666666666666666
375,2016,6,Minnesota,Iowa,268,321,1286,2314,1,1.0,3,3,0.26666666666666666,0,0.35294117647058826,0.35294117647058826
376,2016,6,Penn State,Maryland,524,270,1286,2314,5,2.0,1,2,0.38461538461538464,1.0,0.3076923076923077,0.3076923076923077
377,2016,6,Illinois,Purdue,499,459,1286,2314,3,4.0,1,2,0.2727272727272727,0,0.5625,0.5625
378,2016,6,Michigan State,BYU,206,398,1286,2314,2,4.0,1,0,0.42857142857142855,0.6666666666666666,0.625,0.625
379,2016,6,Ohio State,Indiana,383,281,1286,2314,5,2.0,2,2,0.35714285714285715,1.0,0.35294117647058826,0.35294117647058826
380,2016,6,Rutgers,Michigan,39,600,1286,2314,0,11.0,1,1,0,0,0.5454545454545454,0.5454545454545454
381,2016,7,Maryland,Minnesota,291,311,1286,2314,1,3.0,4,0,0.3888888888888889,0.5,0.2857142857142857,0.2857142857142857
382,2016,7,Purdue,Iowa,505,520,1286,2314,5,6.0,1,0,0.3333333333333333,0.4,0.5625,0.5625
383,2016,7,Rutgers,Illinois,385,320,1286,2314,1,2.0,5,1,0.5625,0,0.3076923076923077,0.3076923076923077
384,2016,7,Michigan State,Northwestern,475,490,1286,2314,4,6.0,2,1,0.3125,0,0.5263157894736842,0.5263157894736842
385,2016,7,Indiana,Nebraska,333,360,1286,2314,2,2.0,2,2,0.3333333333333333,0,0.3333333333333333,0.3333333333333333
386,2016,7,Wisconsin,Ohio State,450,411,1286,2314,2,3.0,1,1,0.4,0,0.4,0.4
387,2016,8,Minnesota,Rutgers,399,372,1286,2314,3,3.0,2,3,0.42857142857142855,0,0.5263157894736842,0.5263157894736842
388,2016,8,Iowa,Wisconsin,236,423,1286,2314,0,2.0,0,1,0.15384615384615385,0,0.47058823529411764,0.47058823529411764
389,2016,8,Northwestern,Indiana,408,401,1286,2314,3,1.0,0,2,0.29411764705882354,0.3333333333333333,0.2631578947368421,0.2631578947368421
390,2016,8,Michigan,Illinois,561,172,1286,2314,5,1.0,1,2,0.5,0.5,0.2,0.2
391,2016,8,Nebraska,Purdue,409,333,1286,2314,3,2.0,1,2,0.4666666666666667,0,0.375,0.375
392,2016,8,Maryland,Michigan State,447,426,1286,2314,4,2.0,1,2,0.4166666666666667,0.3333333333333333,0.36363636363636365,0.36363636363636365
393,2016,8,Penn State,Ohio State,276,413,1286,2314,2,2.0,1,0,0.15384615384615385,0,0.4090909090909091,0.4090909090909091
394,2016,9,Michigan State,Michigan,401,436,1286,2314,3,3.0,1,1,0.3333333333333333,0.25,0.4166666666666667,0.4166666666666667
395,2016,9,Purdue,Penn State,341,511,1286,2314,3,8.0,4,0,0.4090909090909091,1.0,0.2222222222222222,0.2222222222222222
396,2016,9,Illinois,Minnesota,245,283,1286,2314,2,5.0,3,0,0.3333333333333333,0.3333333333333333,0.4117647058823529,0.4117647058823529
397,2016,9,Indiana,Maryland,650,517,1286,2314,6,5.0,0,2,0.6428571428571429,0,0.4375,0.4375
398,2016,9,Ohio State,Northwestern,431,406,1286,2314,3,2.0,0,1,0.5882352941176471,0,0.5,0.5
399,2016,9,Wisconsin,Nebraska,337,305,1286,2314,3,2.0,2,2,0.38461538461538464,0,0.5,0.5
400,2016,10,Illinois,Michigan State,304,490,1286,2314,4,2.0,0,1,0.3076923076923077,1.0,0.42105263157894735,0.42105263157894735
401,2016,10,Northwestern,Wisconsin,316,333,1286,2314,1,2.0,1,0,0.2777777777777778,0.25,0.3684210526315789,0.3684210526315789
402,2016,10,Rutgers,Indiana,351,567,1286,2314,2,5.0,1,4,0.0625,0.5,0.4117647058823529,0.4117647058823529
403,2016,10,Michigan,Maryland,660,367,1286,2314,8,0.0,0,2,0.6,0,0.46153846153846156,0.46153846153846156
404,2016,10,Minnesota,Purdue,466,414,1286,2314,5,4.0,1,3,0.26666666666666666,0,0.45,0.45
405,2016,10,Penn State,Iowa,599,234,1286,2314,5,2.0,0,1,0.5,1.0,0.2,0.2
406,2016,10,Ohio State,Nebraska,590,204,1286,2314,6,0.0,1,2,0.7333333333333333,1.0,0.3125,0.3125
407,2016,11,Purdue,Northwestern,394,605,1286,2314,2,6.0,4,2,0.375,0.5,0.625,0.625
408,2016,11,Indiana,Penn State,454,409,1286,2314,4,5.0,5,2,0.47058823529411764,0,0.2857142857142857,0.2857142857142857
409,2016,11,Michigan State,Rutgers,440,149,1286,2314,6,0.0,0,2,0.5,1.0,0.25,0.25
410,2016,11,Wisconsin,Illinois,455,200,1286,2314,6,0.0,0,4,0.5384615384615384,1.0,0,0
411,2016,11,Maryland,Ohio State,176,581,1286,2314,0,8.0,2,0,0.06666666666666667,0.4,0.5384615384615384,0.5384615384615384
412,2016,11,Nebraska,Minnesota,374,265,1286,2314,3,2.0,0,1,0.4666666666666667,1.0,0.5,0.5
413,2016,11,Iowa,Michigan,230,201,1286,2314,1,1.0,1,2,0.25,0.6666666666666666,0.3333333333333333,0.3333333333333333
414,2016,12,Purdue,Wisconsin,293,412,1286,2314,2,6.0,3,1,0.3,1.0,0.6,0.6
415,2016,12,Michigan State,Ohio State,334,310,1286,2314,2,2.0,2,1,0.25,1.0,0.4117647058823529,0.4117647058823529
416,2016,12,Nebraska,Maryland,401,207,1286,2314,4,1.0,0,0,0.47058823529411764,0.6666666666666666,0.26666666666666666,0.26666666666666666
417,2016,12,Illinois,Iowa,198,342,1286,2314,0,3.0,2,2,0.3157894736842105,0.3333333333333333,0.3076923076923077,0.3076923076923077
418,2016,12,Minnesota,Northwestern,328,339,1286,2314,3,2.0,2,2,0.3076923076923077,0,0.13333333333333333,0.13333333333333333
419,2016,12,Michigan,Indiana,284,255,1286,2314,2,1.0,0,0,0.2,0.75,0.3333333333333333,0.3333333333333333
420,2016,12,Rutgers,Penn State,87,549,1286,2314,0,4.0,0,1,0.07142857142857142,0,0.5263157894736842,0.5263157894736842
421,2016,13,Iowa,Nebraska,408,217,1286,2314,6,1.0,0,0,0.23076923076923078,1.0,0.2777777777777778,0.2777777777777778
422,2016,13,Indiana,Purdue,269,267,1286,2314,3,3.0,4,3,0.5,0.3333333333333333,0.47368421052631576,0.47368421052631576
423,2016,13,Maryland,Rutgers,414,350,1286,2314,3,2.0,0,1,0.3076923076923077,0.5,0.3888888888888889,0.3888888888888889
424,2016,13,Northwestern,Illinois,399,434,1286,2314,6,3.0,1,4,0.42857142857142855,0,0.26666666666666666,0.26666666666666666
425,2016,13,Ohio State,Michigan,330,310,1286,2314,3,3.0,1,3,0.1875,0.6666666666666666,0.47368421052631576,0.47368421052631576
426,2016,13,Penn State,Michigan State,463,343,1286,2314,6,0.0,0,1,0.4,0,0.45,0.45
427,2016,13,Wisconsin,Minnesota,362,286,1286,2314,4,2.0,1,4,0.3333333333333333,0,0.21428571428571427,0.21428571428571427
428,2016,14,Penn State,Wisconsin,435,415,1286,2314,5,3.0,2,0,0.3,0,0.4166666666666667,0.4166666666666667
429,2017,1,Minnesota,Buffalo,408,262,1286,2314,2,1.0,1,1,0.3333333333333333,1.0,0.29411764705882354,0.29411764705882354
430,2017,1,Indiana,Ohio State,437,596,1286,2314,3,6.0,3,0,0.45,1.0,0.42105263157894735,0.42105263157894735
431,2017,1,Rutgers,Washington,309,368,1286,2314,2,2.0,2,0,0.47368421052631576,0.5,0.2727272727272727,0.2727272727272727
432,2017,1,Wisconsin,Utah State,478,304,1286,2314,7,1.0,2,4,0.6666666666666666,0,0.3125,0.3125
433,2017,1,Michigan State,Bowling Green,465,212,1286,2314,4,0.0,3,1,0.5333333333333333,0,0.15384615384615385,0.15384615384615385
434,2017,1,Penn State,Akron,569,159,1286,2314,6,0.0,1,1,0.3333333333333333,0.5,0.23529411764705882,0.23529411764705882
435,2017,1,Iowa,Wyoming,263,233,1286,2314,3,0.0,4,2,0.3076923076923077,1.0,0.2777777777777778,0.2777777777777778
436,2017,1,Texas,Maryland,473,482,1286,2314,3,6.0,2,1,0.5,0,0.2727272727272727,0.2727272727272727
437,2017,1,Illinois,Ball State,216,375,1286,2314,3,3.0,1,2,0.2,1.0,0.5714285714285714,0.5714285714285714
438,2017,1,Florida,Michigan,192,433,1286,2314,0,2.0,3,2,0.15384615384615385,0.5,0.3333333333333333,0.3333333333333333
439,2017,1,Northwestern,Nevada,508,341,1286,2314,4,2.0,2,2,0.42105263157894735,0.6,0.35714285714285715,0.35714285714285715
440,2017,1,Purdue,Louisville,344,524,1286,2314,4,3.0,4,3,0.35714285714285715,0.6666666666666666,0.4375,0.4375
441,2017,1,Nebraska,Arkansas State,463,497,1286,2314,4,3.0,0,2,0.5,0,0.5384615384615384,0.5384615384615384
442,2017,2,Purdue,Ohio,558,396,1286,2314,5,3.0,0,2,0.36363636363636365,1.0,0.38461538461538464,0.38461538461538464
443,2017,2,Michigan,Cincinnati,414,200,1286,2314,2,2.0,2,2,0.3333333333333333,1.0,0.3157894736842105,0.3157894736842105
444,2017,2,Duke,Northwestern,538,191,1286,2314,5,2.0,2,3,0.6818181818181818,0,0.1,0.1
445,2017,2,Wisconsin,Florida Atlantic,564,248,1286,2314,4,2.0,2,0,0.42857142857142855,0,0.14285714285714285,0.14285714285714285
446,2017,2,Maryland,Towson,534,309,1286,2314,8,2.0,0,2,0.3333333333333333,0.5,0.5,0.5
447,2017,2,Iowa State,Iowa,467,497,1286,2314,5,6.0,1,0,0.2857142857142857,1.0,0.4666666666666667,0.4666666666666667
448,2017,2,Michigan State,Western Michigan,457,195,1286,2314,4,0.0,2,1,0.4666666666666667,1.0,0.06666666666666667,0.06666666666666667
449,2017,2,Penn State,Pittsburgh,312,342,1286,2314,4,1.0,1,3,0.3333333333333333,0,0.29411764705882354,0.29411764705882354
450,2017,2,Virginia,Indiana,314,308,1286,2314,2,3.0,0,1,0.4166666666666667,0.3333333333333333,0.25,0.25
451,2017,2,Rutgers,Eastern Michigan,326,374,1286,2314,1,1.0,2,1,0.23529411764705882,0,0.23529411764705882,0.23529411764705882
452,2017,2,Oregon,Nebraska,566,361,1286,2314,6,5.0,2,4,0.5,0,0.14285714285714285,0.14285714285714285
453,2017,2,Ohio State,Oklahoma,350,490,1286,2314,1,4.0,1,2,0.4666666666666667,0,0.36363636363636365,0.36363636363636365
454,2017,2,Illinois,Western Kentucky,300,244,1286,2314,1,1.0,1,2,0.5,0,0.16666666666666666,0.16666666666666666
455,2017,2,Oregon State,Minnesota,225,411,1286,2314,2,6.0,3,1,0.2727272727272727,1.0,0.6923076923076923,0.6923076923076923
456,2017,3,South Florida,Illinois,680,354,1286,2314,6,3.0,1,3,0.6666666666666666,0,0.4,0.4
457,2017,3,Michigan,Air Force,359,232,1286,2314,1,1.0,1,1,0.35714285714285715,1.0,0.23076923076923078,0.23076923076923078
458,2017,3,Nebraska,Northern Illinois,384,213,1286,2314,2,1.0,3,1,0.3157894736842105,0.5,0.23076923076923078,0.23076923076923078
459,2017,3,Minnesota,Middle Tennessee,343,230,1286,2314,3,0.0,0,2,0.25,1.0,0.21428571428571427,0.21428571428571427
460,2017,3,Iowa,North Texas,435,305,1286,2314,4,2.0,2,2,0.6111111111111112,0.8,0,0
461,2017,3,BYU,Wisconsin,192,491,1286,2314,0,5.0,2,0,0.4166666666666667,0,0.6666666666666666,0.6666666666666666
462,2017,3,Rutgers,Morgan State,478,145,1286,2314,9,0.0,1,4,0.5384615384615384,0.5,0.2222222222222222,0.2222222222222222
463,2017,3,Missouri,Purdue,203,477,1286,2314,0,5.0,3,1,0.18181818181818182,0,0.47058823529411764,0.47058823529411764
464,2017,3,Ohio State,Army,586,278,1286,2314,5,1.0,0,1,0.5,0,0.26666666666666666,0.26666666666666666
465,2017,3,Penn State,Georgia State,526,320,1286,2314,8,0.0,0,5,0.4444444444444444,0,0.5238095238095238,0.5238095238095238
466,2017,3,Northwestern,Bowling Green,678,352,1286,2314,7,1.0,2,1,0.7272727272727273,0,0.29411764705882354,0.29411764705882354
467,2017,4,Ohio State,UNLV,664,264,1286,2314,7,2.0,3,2,0.2727272727272727,0.75,0.23076923076923078,0.23076923076923078
468,2017,4,Maryland,UCF,197,428,1286,2314,1,4.0,2,0,0.15384615384615385,0.5,0.35714285714285715,0.35714285714285715
469,2017,4,Indiana,Georgia Southern,467,375,1286,2314,5,2.0,0,3,0.35714285714285715,0,0.2,0.2
470,2017,4,Nebraska,Rutgers,306,194,1286,2314,3,1.0,2,2,0.47058823529411764,0,0.25,0.25
471,2017,4,Purdue,Michigan,189,423,1286,2314,1,4.0,1,2,0,0,0.4,0.4
472,2017,4,Iowa,Penn State,273,579,1286,2314,3,2.0,1,2,0.2727272727272727,0,0.3333333333333333,0.3333333333333333
473,2017,4,Michigan State,Notre Dame,496,355,1286,2314,2,4.0,3,0,0.5789473684210527,0.5,0.5714285714285714,0.5714285714285714
474,2017,5,Illinois,Nebraska,199,411,1286,2314,0,4.0,1,1,0.4166666666666667,0,0.6363636363636364,0.6363636363636364
475,2017,5,Minnesota,Maryland,309,416,1286,2314,3,4.0,2,0,0.4166666666666667,1.0,0.5625,0.5625
476,2017,5,Wisconsin,Northwestern,306,244,1286,2314,3,3.0,3,2,0.2727272727272727,0,0.2,0.2
477,2017,5,Penn State,Indiana,370,352,1286,2314,4,2.0,1,4,0.3333333333333333,1.0,0.3888888888888889,0.3888888888888889
478,2017,5,Michigan State,Iowa,300,231,1286,2314,2,1.0,0,2,0.35714285714285715,0.5,0.2857142857142857,0.2857142857142857
479,2017,5,Rutgers,Ohio State,209,628,1286,2314,0,8.0,2,0,0.3333333333333333,0,0.45454545454545453,0.45454545454545453
480,2017,6,Iowa,Illinois,441,446,1286,2314,5,1.0,2,4,0.4666666666666667,0.5,0.5,0.5
481,2017,6,Northwestern,Penn State,265,381,1286,2314,1,4.0,3,0,0.2631578947368421,0.5,0.5,0.5
482,2017,6,Indiana,Charleston Southern,478,134,1286,2314,3,0.0,3,0,0.47058823529411764,1.0,0.07142857142857142,0.07142857142857142
483,2017,6,Purdue,Minnesota,439,328,1286,2314,3,2.0,4,2,0.46153846153846156,1.0,0.29411764705882354,0.29411764705882354
484,2017,6,Ohio State,Maryland,584,66,1286,2314,8,1.0,2,2,0.5833333333333334,1.0,0.0625,0.0625
485,2017,6,Michigan,Michigan State,300,252,1286,2314,1,2.0,5,0,0.29411764705882354,1.0,0.14285714285714285,0.14285714285714285
486,2017,6,Nebraska,Wisconsin,381,466,1286,2314,1,4.0,2,1,0.4666666666666667,0,0.5454545454545454,0.5454545454545454
487,2017,7,Illinois,Rutgers,394,376,1286,2314,3,5.0,3,3,0.29411764705882354,1.0,0.4,0.4
488,2017,7,Indiana,Michigan,278,329,1286,2314,2,3.0,2,0,0.29411764705882354,0,0.15384615384615385,0.15384615384615385
489,2017,7,Maryland,Northwestern,340,531,1286,2314,3,4.0,0,2,0.35294117647058826,0.25,0.47619047619047616,0.47619047619047616
490,2017,7,Wisconsin,Purdue,494,221,1286,2314,2,0.0,3,1,0.6428571428571429,0,0.2727272727272727,0.2727272727272727
491,2017,7,Nebraska,Ohio State,393,633,1286,2314,2,8.0,1,0,0.3333333333333333,0.5,0.7692307692307693,0.7692307692307693
492,2017,7,Minnesota,Michigan State,290,365,1286,2314,3,3.0,2,3,0.38461538461538464,1.0,0.3333333333333333,0.3333333333333333
493,2017,8,Northwestern,Iowa,339,312,1286,2314,2,1.0,0,1,0.25,0.5,0.29411764705882354,0.29411764705882354
494,2017,8,Wisconsin,Maryland,440,268,1286,2314,4,1.0,2,2,0.6153846153846154,1.0,0.35714285714285715,0.35714285714285715
495,2017,8,Rutgers,Purdue,217,474,1286,2314,2,1.0,0,2,0.2,0,0.2,0.2
496,2017,8,Michigan State,Indiana,274,252,1286,2314,2,0.0,1,0,0.3333333333333333,0.5,0.23529411764705882,0.23529411764705882
497,2017,8,Minnesota,Illinois,337,282,1286,2314,2,2.0,3,2,0.2727272727272727,0,0.5,0.5
498,2017,8,Penn State,Michigan,506,269,1286,2314,6,2.0,1,1,0.5714285714285714,0,0.375,0.375
499,2017,9,Illinois,Wisconsin,286,303,1286,2314,1,3.0,3,1,0.42857142857142855,0,0.4166666666666667,0.4166666666666667
500,2017,9,Michigan,Rutgers,471,195,1286,2314,5,2.0,1,0,0.3333333333333333,0.5,0.2727272727272727,0.2727272727272727
501,2017,9,Northwestern,Michigan State,432,540,1286,2314,5,4.0,1,2,0.4666666666666667,1.0,0.47058823529411764,0.47058823529411764
502,2017,9,Ohio State,Penn State,529,283,1286,2314,5,4.0,2,0,0.4166666666666667,0,0.4666666666666667,0.4666666666666667
503,2017,9,Maryland,Indiana,345,483,1286,2314,5,5.0,1,1,0.375,0,0.4782608695652174,0.4782608695652174
504,2017,9,Iowa,Minnesota,315,281,1286,2314,2,1.0,2,1,0.21428571428571427,0,0.25,0.25
505,2017,9,Purdue,Nebraska,363,471,1286,2314,3,2.0,0,0,0.23076923076923078,0,0.35294117647058826,0.35294117647058826
506,2017,10,Purdue,Illinois,435,250,1286,2314,3,1.0,1,1,0.38461538461538464,1.0,0.15384615384615385,0.15384615384615385
507,2017,10,Michigan State,Penn State,474,466,1286,2314,3,3.0,1,3,0.5555555555555556,0,0.3333333333333333,0.3333333333333333
508,2017,10,Indiana,Wisconsin,266,407,1286,2314,2,3.0,3,1,0.3333333333333333,0,0.5333333333333333,0.5333333333333333
509,2017,10,Iowa,Ohio State,487,371,1286,2314,6,3.0,0,4,0.4166666666666667,0.5,0.4,0.4
510,2017,10,Rutgers,Maryland,346,385,1286,2314,3,3.0,2,1,0.5714285714285714,0,0.4,0.4
511,2017,10,Nebraska,Northwestern,337,475,1286,2314,2,4.0,3,2,0.3333333333333333,0.6666666666666666,0.09090909090909091,0.09090909090909091
512,2017,10,Michigan,Minnesota,427,164,1286,2314,5,1.0,0,1,0.36363636363636365,0,0.3076923076923077,0.3076923076923077
513,2017,11,Penn State,Rutgers,304,200,1286,2314,5,0.0,0,1,0.4444444444444444,0,0.2,0.2
514,2017,11,Illinois,Indiana,294,428,1286,2314,2,3.0,3,1,0.14285714285714285,0,0.25,0.25
515,2017,11,Minnesota,Nebraska,514,380,1286,2314,6,3.0,0,0,0.5555555555555556,1.0,0.35714285714285715,0.35714285714285715
516,2017,11,Ohio State,Michigan State,524,195,1286,2314,6,0.0,2,3,0.5833333333333334,0,0.23529411764705882,0.23529411764705882
517,2017,11,Wisconsin,Iowa,382,66,1286,2314,4,0.0,4,3,0.38461538461538464,0,0,0
518,2017,11,Maryland,Michigan,340,305,1286,2314,1,5.0,2,0,0.1875,0.75,0.36363636363636365,0.36363636363636365
519,2017,11,Northwestern,Purdue,390,438,1286,2314,2,2.0,0,1,0.4090909090909091,0.5,0.3684210526315789,0.3684210526315789
520,2017,12,Wisconsin,Michigan,325,234,1286,2314,2,1.0,1,1,0.3333333333333333,0,0.29411764705882354,0.29411764705882354
521,2017,12,Northwestern,Minnesota,363,182,1286,2314,6,0.0,0,5,0.42857142857142855,0.5,0.09090909090909091,0.09090909090909091
522,2017,12,Indiana,Rutgers,503,190,1286,2314,5,0.0,1,2,0.5882352941176471,0,0.15384615384615385,0.15384615384615385
523,2017,12,Iowa,Purdue,258,294,1286,2314,2,3.0,2,0,0.4375,1.0,0.4666666666666667,0.4666666666666667
524,2017,12,Ohio State,Illinois,543,105,1286,2314,7,1.0,1,1,0.5555555555555556,1.0,0.08333333333333333,0.08333333333333333
525,2017,12,Michigan State,Maryland,291,204,1286,2314,2,1.0,1,1,0.38461538461538464,0,0.3333333333333333,0.3333333333333333
526,2017,12,Penn State,Nebraska,609,466,1286,2314,8,6.0,1,0,0.6666666666666666,0,0.3333333333333333,0.3333333333333333
527,2017,13,Nebraska,Iowa,267,505,1286,2314,2,8.0,3,0,0.3333333333333333,0,0.36363636363636365,0.36363636363636365
528,2017,13,Purdue,Indiana,453,497,1286,2314,4,3.0,1,1,0.2857142857142857,1.0,0.375,0.375
529,2017,13,Michigan,Ohio State,295,350,1286,2314,3,4.0,1,0,0.5294117647058824,0,0.5,0.5
530,2017,13,Minnesota,Wisconsin,133,456,1286,2314,0,4.0,0,1,0.23076923076923078,1.0,0.5833333333333334,0.5833333333333334
531,2017,13,Maryland,Penn State,303,534,1286,2314,0,9.0,2,0,0.06666666666666667,0,0.6470588235294118,0.6470588235294118
532,2017,13,Illinois,Northwestern,239,446,1286,2314,1,5.0,3,1,0.25,0,0.3076923076923077,0.3076923076923077
533,2017,13,Rutgers,Michigan State,112,431,1286,2314,1,4.0,3,0,0,0,0.6190476190476191,0.6190476190476191
534,2017,14,Wisconsin,Ohio State,298,449,1286,2314,1,3.0,2,3,0.3125,0,0.375,0.375
535,2018,1,Minnesota,New Mexico State,522,271,1286,2314,5,1.0,1,1,0.35714285714285715,1.0,0.11764705882352941,0.11764705882352941
536,2018,1,Purdue,Northwestern,472,401,1286,2314,3,4.0,3,0,0.5333333333333333,0,0.3333333333333333,0.3333333333333333
537,2018,1,Michigan State,Utah State,452,344,1286,2314,4,3.0,2,2,0.6470588235294118,0,0.5384615384615384,0.5384615384615384
538,2018,1,Wisconsin,Western Kentucky,491,305,1286,2314,4,0.0,1,2,0.5384615384615384,0,0.3125,0.3125
539,2018,1,Ohio State,Oregon State,721,392,1286,2314,10,4.0,2,2,0.8571428571428571,1.0,0.35294117647058826,0.35294117647058826
540,2018,1,Rutgers,Texas State,423,169,1286,2314,4,0.0,4,3,0.6153846153846154,0,0.07692307692307693,0.07692307692307693
541,2018,1,Illinois,Kent State,469,453,1286,2314,4,3.0,1,2,0.4666666666666667,0,0.29411764705882354,0.29411764705882354
542,2018,1,Maryland,Texas,407,405,1286,2314,4,4.0,0,3,0.3333333333333333,0.5,0.2,0.2
543,2018,1,Penn State,Appalachian State,434,451,1286,2314,6,4.0,0,1,0.4,0.5,0.375,0.375
544,2018,1,Iowa,Northern Illinois,352,211,1286,2314,4,1.0,1,2,0.5,0.5,0.25,0.25
545,2018,1,Florida International,Indiana,327,465,1286,2314,4,4.0,3,1,0.4166666666666667,1.0,0.4666666666666667,0.4666666666666667
546,2018,1,Notre Dame,Michigan,302,307,1286,2314,3,1.0,1,2,0.4666666666666667,1.0,0.46153846153846156,0.46153846153846156
547,2018,2,Purdue,Eastern Michigan,476,416,1286,2314,2,2.0,2,1,0.3076923076923077,0,0.25,0.25
548,2018,2,Wisconsin,New Mexico,568,211,1286,2314,6,2.0,2,3,0.6666666666666666,1.0,0.46153846153846156,0.46153846153846156
549,2018,2,Northwestern,Duke,381,301,1286,2314,1,3.0,2,0,0.47368421052631576,0.2,0.26666666666666666,0.26666666666666666
550,2018,2,Michigan,Western Michigan,451,208,1286,2314,7,0.0,0,1,0.45454545454545453,1.0,0.23529411764705882,0.23529411764705882
551,2018,2,Ohio State,Rutgers,559,134,1286,2314,7,0.0,0,2,0.6153846153846154,0,0.26666666666666666,0.26666666666666666
552,2018,2,Nebraska,Colorado,565,396,1286,2314,4,4.0,3,0,0.38461538461538464,0,0.3333333333333333,0.3333333333333333
553,2018,2,Iowa,Iowa State,271,188,1286,2314,1,0.0,0,1,0.35294117647058826,0,0.2857142857142857,0.2857142857142857
554,2018,2,Bowling Green,Maryland,158,565,1286,2314,2,6.0,1,1,0.2857142857142857,0,0.5555555555555556,0.5555555555555556
555,2018,2,Illinois,Western Illinois,376,361,1286,2314,3,2.0,0,3,0.23076923076923078,0,0.25,0.25
556,2018,2,Indiana,Virginia,387,294,1286,2314,3,2.0,1,1,0.5333333333333333,0,0.4375,0.4375
557,2018,2,Minnesota,Fresno State,307,299,1286,2314,2,2.0,1,2,0.3333333333333333,1.0,0.42857142857142855,0.42857142857142855
558,2018,2,Pittsburgh,Penn State,314,390,1286,2314,1,6.0,3,2,0.26666666666666666,0,0.3333333333333333,0.3333333333333333
559,2018,2,Arizona State,Michigan State,424,377,1286,2314,1,1.0,1,1,0.375,0.5,0.3333333333333333,0.3333333333333333
560,2018,3,Maryland,Temple,195,429,1286,2314,0,4.0,2,1,0.08333333333333333,0.5,0.35294117647058826,0.35294117647058826
561,2018,3,Kansas,Rutgers,544,274,1286,2314,5,1.0,0,6,0.4,1.0,0.35714285714285715,0.35714285714285715
562,2018,3,Penn State,Kent State,667,221,1286,2314,9,1.0,1,0,0.4166666666666667,0.6666666666666666,0.35,0.35
563,2018,3,Indiana,Ball State,457,347,1286,2314,4,1.0,1,1,0.46153846153846156,0.5,0.2857142857142857,0.2857142857142857
564,2018,3,Nebraska,Troy,364,253,1286,2314,2,2.0,3,2,0.3333333333333333,1.0,0.3333333333333333,0.3333333333333333
565,2018,3,Wisconsin,BYU,394,311,1286,2314,3,3.0,1,0,0.3076923076923077,0.6666666666666666,0.3333333333333333,0.3333333333333333
566,2018,3,Illinois,South Florida,380,626,1286,2314,1,3.0,1,2,0.2777777777777778,1.0,0.3076923076923077,0.3076923076923077
567,2018,3,Michigan,SMU,434,319,1286,2314,5,3.0,1,1,0.46153846153846156,1.0,0.35714285714285715,0.35714285714285715
568,2018,3,Minnesota,Miami (OH),295,199,1286,2314,3,0.0,2,3,0.42857142857142855,1.0,0.35714285714285715,0.35714285714285715
569,2018,3,Purdue,Missouri,614,608,1286,2314,4,4.0,1,1,0.5,0,0.3125,0.3125
570,2018,3,Northwestern,Akron,491,367,1286,2314,5,2.0,3,1,0.35294117647058826,0.2,0.25,0.25
571,2018,3,Iowa,Northern Iowa,545,228,1286,2314,5,2.0,2,2,0.4666666666666667,0.75,0.42857142857142855,0.42857142857142855
572,2018,3,TCU,Ohio State,511,526,1286,2314,4,3.0,3,0,0.4666666666666667,0,0.3333333333333333,0.3333333333333333
573,2018,4,Illinois,Penn State,411,591,1286,2314,3,9.0,2,2,0.3333333333333333,0,0.8181818181818182,0.8181818181818182
574,2018,4,Maryland,Minnesota,432,263,1286,2314,5,1.0,0,3,0.4,1.0,0.3125,0.3125
575,2018,4,Purdue,Boston College,372,229,1286,2314,4,2.0,2,4,0.4444444444444444,1.0,0.25,0.25
576,2018,4,Rutgers,Buffalo,284,445,1286,2314,1,6.0,0,2,0.1111111111111111,0.5,0.38461538461538464,0.38461538461538464
577,2018,4,Michigan,Nebraska,491,132,1286,2314,6,1.0,1,2,0.4666666666666667,0.5,0.23076923076923078,0.23076923076923078
578,2018,4,Ohio State,Tulane,570,256,1286,2314,7,1.0,0,0,0.5,0.6666666666666666,0.3333333333333333,0.3333333333333333
579,2018,4,Indiana,Michigan State,301,350,1286,2314,2,4.0,2,4,0.25,0.3333333333333333,0.15384615384615385,0.15384615384615385
580,2018,4,Iowa,Wisconsin,377,415,1286,2314,2,4.0,3,0,0.45454545454545453,0,0.5,0.5
581,2018,5,Michigan State,Central Michigan,345,245,1286,2314,4,2.0,1,2,0.4166666666666667,1.0,0.2857142857142857,0.2857142857142857
582,2018,5,Rutgers,Indiana,291,451,1286,2314,2,3.0,1,2,0.3333333333333333,1.0,0.6111111111111112,0.6111111111111112
583,2018,5,Nebraska,Purdue,582,516,1286,2314,4,5.0,1,0,0.3333333333333333,0,0.4375,0.4375
584,2018,5,Northwestern,Michigan,202,376,1286,2314,2,2.0,0,0,0.38461538461538464,0,0.4375,0.4375
585,2018,5,Penn State,Ohio State,492,389,1286,2314,3,4.0,1,1,0.17647058823529413,0.3333333333333333,0.23529411764705882,0.23529411764705882
586,2018,6,Michigan State,Northwestern,425,381,1286,2314,2,4.0,1,2,0.26666666666666666,0,0.35714285714285715,0.35714285714285715
587,2018,6,Rutgers,Illinois,386,419,1286,2314,2,5.0,3,0,0.2857142857142857,0.5,0.5,0.5
588,2018,6,Michigan,Maryland,465,220,1286,2314,4,2.0,1,1,0.6923076923076923,0,0.38461538461538464,0.38461538461538464
589,2018,6,Minnesota,Iowa,320,420,1286,2314,4,6.0,4,2,0.2727272727272727,0,0.5263157894736842,0.5263157894736842
590,2018,6,Ohio State,Indiana,610,406,1286,2314,7,3.0,3,2,0.5,0.75,0.21428571428571427,0.21428571428571427
591,2018,6,Wisconsin,Nebraska,533,518,1286,2314,5,3.0,1,1,0.5,1.0,0.3,0.3
592,2018,7,Maryland,Rutgers,375,179,1286,2314,4,1.0,1,5,0.4666666666666667,0,0.3076923076923077,0.3076923076923077
593,2018,7,Ohio State,Minnesota,504,397,1286,2314,3,2.0,0,3,0.42857142857142855,0.6666666666666666,0.4444444444444444,0.4444444444444444
594,2018,7,Northwestern,Nebraska,487,482,1286,2314,3,4.0,2,3,0.4444444444444444,1.0,0.4375,0.4375
595,2018,7,Indiana,Iowa,330,479,1286,2314,2,6.0,2,1,0.4166666666666667,0,0.6666666666666666,0.6666666666666666
596,2018,7,Illinois,Purdue,250,611,1286,2314,1,6.0,1,1,0.23076923076923078,0,0.4666666666666667,0.4666666666666667
597,2018,7,Penn State,Michigan State,396,418,1286,2314,2,3.0,1,1,0.21428571428571427,0,0.25,0.25
598,2018,7,Michigan,Wisconsin,444,283,1286,2314,3,2.0,0,2,0.38461538461538464,0,0.18181818181818182,0.18181818181818182
599,2018,8,Wisconsin,Illinois,545,300,1286,2314,7,2.0,2,5,0.375,0,0.16666666666666666,0.16666666666666666
600,2018,8,Rutgers,Northwestern,188,278,1286,2314,1,2.0,0,1,0.14285714285714285,0,0.3888888888888889,0.3888888888888889
601,2018,8,Iowa,Maryland,310,115,1286,2314,1,0.0,1,2,0.5,0.75,0.4,0.4
602,2018,8,Michigan State,Michigan,94,395,1286,2314,1,3.0,1,2,0,0,0.3888888888888889,0.3888888888888889
603,2018,8,Nebraska,Minnesota,659,474,1286,2314,7,4.0,1,1,0.6666666666666666,0,0.35714285714285715,0.35714285714285715
604,2018,8,Indiana,Penn State,549,417,1286,2314,4,4.0,3,1,0.42857142857142855,0.6666666666666666,0.3333333333333333,0.3333333333333333
605,2018,8,Purdue,Ohio State,539,544,1286,2314,6,2.0,0,1,0.4,1.0,0.5,0.5
606,2018,9,Minnesota,Indiana,485,385,1286,2314,5,3.0,4,3,0.5454545454545454,1.0,0.47058823529411764,0.47058823529411764
607,2018,9,Nebraska,Bethune-Cookman,468,355,1286,2314,5,1.0,2,3,0.5,0,0.4375,0.4375
608,2018,9,Northwestern,Wisconsin,349,323,1286,2314,4,2.0,3,3,0.47058823529411764,0,0.3333333333333333,0.3333333333333333
609,2018,9,Michigan State,Purdue,426,339,1286,2314,2,1.0,1,3,0.375,0,0.23076923076923078,0.23076923076923078
610,2018,9,Maryland,Illinois,712,493,1286,2314,8,3.0,0,1,0.8,0,0.4,0.4
611,2018,9,Penn State,Iowa,312,335,1286,2314,3,1.0,2,2,0.3076923076923077,0.5,0.35,0.35
612,2018,10,Maryland,Michigan State,100,356,1286,2314,0,2.0,2,2,0.2,0,0.35714285714285715,0.35714285714285715
613,2018,10,Wisconsin,Rutgers,473,333,1286,2314,4,2.0,2,0,0.6666666666666666,0,0.47368421052631576,0.47368421052631576
614,2018,10,Ohio State,Nebraska,481,450,1286,2314,5,4.0,3,1,0.3333333333333333,0,0.2857142857142857,0.2857142857142857
615,2018,10,Illinois,Minnesota,646,438,1286,2314,7,4.0,3,2,0.4444444444444444,0,0.4,0.4
616,2018,10,Purdue,Iowa,434,393,1286,2314,5,5.0,2,0,0.5,1.0,0.5,0.5
617,2018,10,Michigan,Penn State,403,184,1286,2314,5,1.0,0,3,0.5333333333333333,0.3333333333333333,0.2,0.2
618,2018,10,Northwestern,Notre Dame,249,464,1286,2314,3,4.0,0,1,0.3333333333333333,0.5,0.35714285714285715,0.35714285714285715
619,2018,11,Nebraska,Illinois,606,509,1286,2314,7,5.0,2,5,0.3333333333333333,1.0,0.5384615384615384,0.5384615384615384
620,2018,11,Michigan State,Ohio State,274,350,1286,2314,0,2.0,3,1,0.13333333333333333,0.5,0.3333333333333333,0.3333333333333333
621,2018,11,Indiana,Maryland,374,542,1286,2314,4,3.0,1,4,0.25,1.0,0.5333333333333333,0.5333333333333333
623,2018,11,Iowa,Northwestern,333,306,1286,2314,1,2.0,2,2,0.23076923076923078,0,0.3684210526315789,0.3684210526315789
624,2018,11,Rutgers,Michigan,252,453,1286,2314,1,6.0,2,0,0.3333333333333333,0.5,0.6428571428571429,0.6428571428571429
625,2018,11,Minnesota,Purdue,415,233,1286,2314,4,1.0,1,1,0.36363636363636365,0,0,0
626,2018,12,Maryland,Ohio State,535,688,1286,2314,5,7.0,1,3,0.3076923076923077,1.0,0.5714285714285714,0.5714285714285714
627,2018,12,Nebraska,Michigan State,248,289,1286,2314,0,0.0,2,2,0.2857142857142857,0,0.45,0.45
628,2018,12,Minnesota,Northwestern,306,325,1286,2314,2,3.0,3,0,0.4166666666666667,0,0.3076923076923077,0.3076923076923077
629,2018,12,Rutgers,Penn State,234,322,1286,2314,1,2.0,3,2,0.35714285714285715,0.25,0.5789473684210527,0.5789473684210527
630,2018,12,Purdue,Wisconsin,462,591,1286,2314,5,6.0,1,1,0.3125,0,0.25,0.25
631,2018,12,Illinois,Iowa,231,395,1286,2314,0,7.0,4,1,0.11764705882352941,0.16666666666666666,0.4166666666666667,0.4166666666666667
632,2018,12,Michigan,Indiana,507,385,1286,2314,2,2.0,1,2,0.4666666666666667,1.0,0.5294117647058824,0.5294117647058824
633,2018,13,Iowa,Nebraska,419,400,1286,2314,4,3.0,0,1,0.5384615384615384,0.6666666666666666,0.4,0.4
634,2018,13,Indiana,Purdue,487,440,1286,2314,3,4.0,1,1,0.35714285714285715,0.3333333333333333,0.4,0.4
635,2018,13,Ohio State,Michigan,567,401,1286,2314,7,5.0,1,2,0.45454545454545453,0,0.42857142857142855,0.42857142857142855
636,2018,13,Northwestern,Illinois,371,435,1286,2314,3,1.0,0,1,0.6153846153846154,0,0.4666666666666667,0.4666666666666667
637,2018,13,Penn State,Maryland,565,259,1286,2314,5,0.0,1,0,0.42857142857142855,0,0.3333333333333333,0.3333333333333333
638,2018,13,Wisconsin,Minnesota,359,325,1286,2314,2,4.0,4,0,0.36363636363636365,0,0.35714285714285715,0.35714285714285715
639,2018,13,Michigan State,Rutgers,310,217,1286,2314,2,1.0,2,3,0.4444444444444444,0,0.2857142857142857,0.2857142857142857
640,2018,14,Ohio State,Northwestern,607,418,1286,2314,6,3.0,2,3,0.5555555555555556,1.0,0.3333333333333333,0.3333333333333333
641,2019,1,Minnesota,South Dakota State,308,367,1286,2314,3,3.0,1,2,0.46153846153846156,1.0,0.3333333333333333,0.3333333333333333
642,2019,1,Michigan State,Tulsa,303,80,1286,2314,1,1.0,0,3,0.3157894736842105,0.25,0.18181818181818182,0.18181818181818182
643,2019,1,Rutgers,UMass,554,304,1286,2314,6,3.0,3,2,0.5,1.0,0.4117647058823529,0.4117647058823529
644,2019,1,South Florida,Wisconsin,157,435,1286,2314,0,6.0,3,1,0.21428571428571427,0,0.46153846153846156,0.46153846153846156
645,2019,1,Nevada,Purdue,404,519,1286,2314,4,4.0,0,5,0.2777777777777778,1.0,0.5,0.5
646,2019,1,Maryland,Howard,623,68,1286,2314,10,0.0,0,1,0.46153846153846156,0.5,0.11764705882352941,0.11764705882352941
647,2019,1,Ohio State,Florida Atlantic,469,228,1286,2314,6,2.0,2,1,0.5,0,0.29411764705882354,0.29411764705882354
648,2019,1,Nebraska,South Alabama,276,314,1286,2314,2,3.0,3,5,0.4,0.5,0.3888888888888889,0.3888888888888889
649,2019,1,Illinois,Akron,401,192,1286,2314,6,0.0,0,2,0.6,0,0.23076923076923078,0.23076923076923078
650,2019,1,Ball State,Indiana,398,474,1286,2314,3,3.0,1,2,0.4375,0.5,0.46153846153846156,0.46153846153846156
651,2019,1,Penn State,Idaho,673,145,1286,2314,10,1.0,1,1,0.125,0.6666666666666666,0.06666666666666667,0.06666666666666667
652,2019,1,Stanford,Northwestern,365,210,1286,2314,1,1.0,2,4,0.4375,0,0.35714285714285715,0.35714285714285715
653,2019,1,Iowa,Miami (OH),465,245,1286,2314,5,2.0,1,1,0.6428571428571429,0.5,0.3333333333333333,0.3333333333333333
654,2019,1,Michigan,Middle Tennessee,453,301,1286,2314,5,3.0,2,2,0.38461538461538464,0,0.26666666666666666,0.26666666666666666
655,2019,2,Iowa,Rutgers,438,125,1286,2314,3,0.0,0,3,0.15384615384615385,0.6666666666666666,0.14285714285714285,0.14285714285714285
656,2019,2,Maryland,Syracuse,650,400,1286,2314,9,3.0,1,2,0.7333333333333333,0,0.4,0.4
657,2019,2,Purdue,Vanderbilt,540,491,1286,2314,6,3.0,1,1,0.4166666666666667,0,0.4,0.4
658,2019,2,Ohio State,Cincinnati,508,273,1286,2314,6,0.0,0,2,0.6363636363636364,0,0.21428571428571427,0.21428571428571427
659,2019,2,Michigan,Army,340,243,1286,2314,3,3.0,3,3,0.5625,0.3333333333333333,0.3125,0.3125
660,2019,2,Connecticut,Illinois,285,357,1286,2314,1,4.0,3,3,0.4,0,0.5454545454545454,0.5454545454545454
661,2019,2,Wisconsin,Central Michigan,599,58,1286,2314,8,0.0,1,1,0.8461538461538461,0,0.07142857142857142,0.07142857142857142
662,2019,2,Colorado,Nebraska,464,469,1286,2314,4,4.0,2,3,0.35294117647058826,1.0,0.3333333333333333,0.3333333333333333
663,2019,2,Indiana,Eastern Illinois,555,116,1286,2314,7,0.0,0,0,0.625,0,0.125,0.125
664,2019,2,Michigan State,Western Michigan,582,352,1286,2314,6,2.0,2,3,0.7,0,0.3125,0.3125
665,2019,2,Penn State,Buffalo,357,429,1286,2314,5,1.0,1,2,0.2222222222222222,1.0,0.43478260869565216,0.43478260869565216
666,2019,2,Fresno State,Minnesota,345,380,1286,2314,4,5.0,2,3,0.25,1.0,0.6,0.6
667,2019,3,Illinois,Eastern Michigan,464,480,1286,2314,4,4.0,2,1,0.4117647058823529,1.0,0.23076923076923078,0.23076923076923078
668,2019,3,Penn State,Pittsburgh,389,396,1286,2314,2,1.0,0,0,0.3076923076923077,1.0,0.3125,0.3125
669,2019,3,Temple,Maryland,427,340,1286,2314,3,2.0,3,1,0.21428571428571427,0,0.23809523809523808,0.23809523809523808
670,2019,3,Indiana,Ohio State,257,520,1286,2314,1,6.0,1,1,0.17647058823529413,0.5,0.5,0.5
671,2019,3,Northwestern,UNLV,441,330,1286,2314,3,2.0,1,3,0.35714285714285715,0.5,0.35714285714285715,0.35714285714285715
672,2019,3,Minnesota,Georgia Southern,382,198,1286,2314,5,2.0,2,2,0.5,0.5,0.2222222222222222,0.2222222222222222
673,2019,3,Iowa State,Iowa,418,313,1286,2314,2,1.0,2,0,0.3333333333333333,0,0.5263157894736842,0.5263157894736842
674,2019,3,Michigan State,Arizona State,404,216,1286,2314,1,1.0,1,0,0.5294117647058824,0.5,0.3076923076923077,0.3076923076923077
675,2019,3,Purdue,TCU,204,421,1286,2314,1,4.0,2,1,0.26666666666666666,0,0.3333333333333333,0.3333333333333333
676,2019,3,Nebraska,Northern Illinois,525,350,1286,2314,6,0.0,1,2,0.46153846153846156,1.0,0.25,0.25
677,2019,4,Rutgers,Boston College,380,436,1286,2314,1,4.0,2,0,0.26666666666666666,1.0,0.47368421052631576,0.47368421052631576
678,2019,4,Wisconsin,Michigan,487,299,1286,2314,5,2.0,0,4,0.38461538461538464,1.0,0,0
679,2019,4,Indiana,Connecticut,430,145,1286,2314,4,0.0,2,1,0.8,0,0.21428571428571427,0.21428571428571427
680,2019,4,Northwestern,Michigan State,265,337,1286,2314,1,4.0,3,1,0.4,0.25,0.4,0.4
681,2019,4,Ohio State,Miami (OH),601,130,1286,2314,11,0.0,1,3,0.2,1.0,0.23529411764705882,0.23529411764705882
682,2019,4,Illinois,Nebraska,299,674,1286,2314,5,6.0,1,4,0.08333333333333333,0,0.5789473684210527,0.5789473684210527
683,2019,5,Maryland,Penn State,128,619,1286,2314,0,8.0,3,1,0.26666666666666666,0.5,0.6428571428571429,0.6428571428571429
684,2019,5,Wisconsin,Northwestern,243,255,1286,2314,1,2.0,2,3,0.25,1.0,0.25,0.25
685,2019,5,Michigan,Rutgers,476,152,1286,2314,7,0.0,1,1,0.5454545454545454,1.0,0.35714285714285715,0.35714285714285715
686,2019,5,Iowa,Middle Tennessee,644,216,1286,2314,6,0.0,0,0,0.625,1.0,0.25,0.25
687,2019,5,Michigan State,Indiana,442,356,1286,2314,4,4.0,0,1,0.38461538461538464,0.5,0.46153846153846156,0.46153846153846156
688,2019,5,Purdue,Minnesota,414,488,1286,2314,4,5.0,2,0,0.4375,1.0,0.375,0.375
689,2019,5,Nebraska,Ohio State,231,580,1286,2314,1,6.0,3,0,0.3333333333333333,0.5,0.7692307692307693,0.7692307692307693
690,2019,6,Wisconsin,Kent State,520,124,1286,2314,7,0.0,1,1,0.7333333333333333,1.0,0.18181818181818182,0.18181818181818182
691,2019,6,Michigan,Iowa,267,261,1286,2314,1,0.0,1,4,0.23076923076923078,0,0.35294117647058826,0.35294117647058826
692,2019,6,Penn State,Purdue,460,104,1286,2314,5,1.0,3,1,0.5333333333333333,1.0,0.06666666666666667,0.06666666666666667
693,2019,6,Rutgers,Maryland,314,490,1286,2314,1,6.0,2,0,0.2222222222222222,0,0.3076923076923077,0.3076923076923077
694,2019,6,Minnesota,Illinois,487,248,1286,2314,5,0.0,2,1,0.2,1.0,0.29411764705882354,0.29411764705882354
695,2019,6,Nebraska,Northwestern,319,293,1286,2314,1,1.0,0,1,0.3157894736842105,0,0.3125,0.3125
696,2019,6,Ohio State,Michigan State,529,285,1286,2314,4,1.0,2,3,0.5333333333333333,0,0.3076923076923077,0.3076923076923077
697,2019,7,Illinois,Michigan,256,489,1286,2314,3,6.0,2,2,0.23076923076923078,0.5,0.4,0.4
698,2019,7,Purdue,Maryland,547,403,1286,2314,4,2.0,1,2,0.6111111111111112,0,0.2857142857142857,0.2857142857142857
699,2019,7,Indiana,Rutgers,557,75,1286,2314,4,0.0,2,1,0.5,0,0,0
700,2019,7,Wisconsin,Michigan State,402,149,1286,2314,4,0.0,0,2,0.46153846153846156,1.0,0.14285714285714285,0.14285714285714285
701,2019,7,Iowa,Penn State,356,294,1286,2314,1,2.0,2,0,0.4444444444444444,1.0,0.5263157894736842,0.5263157894736842
702,2019,7,Minnesota,Nebraska,450,299,1286,2314,5,1.0,0,0,0.6153846153846154,0,0.375,0.375
703,2019,8,Northwestern,Ohio State,199,480,1286,2314,0,7.0,2,0,0.2777777777777778,0,0.5714285714285714,0.5714285714285714
704,2019,8,Illinois,Wisconsin,315,420,1286,2314,3,2.0,1,3,0.2,0,0.5294117647058824,0.5294117647058824
705,2019,8,Iowa,Purdue,362,360,1286,2314,2,2.0,1,2,0.23076923076923078,1.0,0.375,0.375
706,2019,8,Rutgers,Minnesota,189,443,1286,2314,1,5.0,3,0,0.5714285714285714,0,0.5,0.5
707,2019,8,Maryland,Indiana,383,520,1286,2314,4,4.0,2,1,0.42857142857142855,0.6666666666666666,0.38461538461538464,0.38461538461538464
708,2019,8,Penn State,Michigan,283,417,1286,2314,4,3.0,0,1,0.3076923076923077,0,0.4117647058823529,0.4117647058823529
709,2019,9,Northwestern,Iowa,202,302,1286,2314,0,2.0,1,0,0.35294117647058826,0,0.35294117647058826,0.35294117647058826
710,2019,9,Ohio State,Wisconsin,431,191,1286,2314,5,1.0,0,2,0.6428571428571429,0,0.3076923076923077,0.3076923076923077
711,2019,9,Purdue,Illinois,271,268,1286,2314,1,2.0,2,0,0.2777777777777778,0.5,0.2857142857142857,0.2857142857142857
712,2019,9,Rutgers,Liberty,463,413,1286,2314,5,4.0,0,1,0.7058823529411765,1.0,0.5384615384615384,0.5384615384615384
713,2019,9,Michigan State,Penn State,265,302,1286,2314,1,4.0,4,1,0.29411764705882354,1.0,0.2857142857142857,0.2857142857142857
714,2019,9,Minnesota,Maryland,498,210,1286,2314,6,1.0,1,2,0.6363636363636364,1.0,0.18181818181818182,0.18181818181818182
715,2019,9,Nebraska,Indiana,514,455,1286,2314,4,5.0,2,1,0.46153846153846156,0.5,0.5,0.5
716,2019,9,Michigan,Notre Dame,437,180,1286,2314,6,2.0,0,2,0.3076923076923077,0,0.2,0.2
717,2019,10,Purdue,Nebraska,449,375,1286,2314,4,3.0,2,1,0.5714285714285714,0,0.375,0.375
718,2019,10,Maryland,Michigan,234,331,1286,2314,0,4.0,1,0,0.25,1.0,0.4666666666666667,0.4666666666666667
719,2019,10,Illinois,Rutgers,295,271,1286,2314,3,1.0,0,3,0.45454545454545453,0,0.375,0.375
720,2019,10,Indiana,Northwestern,414,199,1286,2314,4,0.0,0,3,0.38461538461538464,0,0.21428571428571427,0.21428571428571427
721,2019,11,Minnesota,Penn State,460,518,1286,2314,4,3.0,1,3,0.4,1.0,0.5,0.5
722,2019,11,Ohio State,Maryland,705,139,1286,2314,10,2.0,1,2,0.6428571428571429,1.0,0.16666666666666666,0.16666666666666666
723,2019,11,Northwestern,Purdue,445,345,1286,2314,3,3.0,1,2,0.4,0.5,0.4666666666666667,0.4666666666666667
724,2019,11,Michigan State,Illinois,526,405,1286,2314,4,4.0,4,2,0.26666666666666666,1.0,0.23529411764705882,0.23529411764705882
725,2019,11,Wisconsin,Iowa,472,295,1286,2314,3,2.0,2,1,0.5714285714285714,0,0.1111111111111111,0.1111111111111111
726,2019,12,Penn State,Indiana,372,462,1286,2314,4,3.0,1,2,0.5384615384615384,1.0,0.5384615384615384,0.5384615384615384
727,2019,12,Nebraska,Wisconsin,493,482,1286,2314,3,3.0,1,1,0.5,0,0.3333333333333333,0.3333333333333333
728,2019,12,Michigan,Michigan State,467,220,1286,2314,5,1.0,1,2,0.6153846153846154,0,0.15384615384615385,0.15384615384615385
729,2019,12,Northwestern,UMass,410,310,1286,2314,5,0.0,3,1,0.5,0,0.3157894736842105,0.3157894736842105
730,2019,12,Rutgers,Ohio State,231,594,1286,2314,3,8.0,3,2,0.3333333333333333,0,0.6153846153846154,0.6153846153846154
731,2019,12,Iowa,Minnesota,290,431,1286,2314,3,2.0,0,1,0.45454545454545453,1.0,0.5,0.5
732,2019,13,Northwestern,Minnesota,222,423,1286,2314,3,5.0,0,1,0.4666666666666667,1.0,0.8181818181818182,0.8181818181818182
733,2019,13,Ohio State,Penn State,417,227,1286,2314,4,2.0,3,1,0.5384615384615384,0.6666666666666666,0.4,0.4
734,2019,13,Iowa,Illinois,387,336,1286,2314,1,1.0,1,3,0.3125,0.5,0.3333333333333333,0.3333333333333333
735,2019,13,Rutgers,Michigan State,140,395,1286,2314,0,3.0,2,1,0,0.5,0.4375,0.4375
736,2019,13,Maryland,Nebraska,206,531,1286,2314,1,6.0,4,1,0.35714285714285715,0,0.4375,0.4375
737,2019,13,Indiana,Michigan,321,453,1286,2314,2,5.0,2,1,0.4166666666666667,0.5,0.4166666666666667,0.4166666666666667
738,2019,13,Wisconsin,Purdue,606,376,1286,2314,6,3.0,4,1,0.8181818181818182,1.0,0.3,0.3
739,2019,14,Nebraska,Iowa,284,324,1286,2314,2,2.0,1,2,0.38095238095238093,1.0,0.3076923076923077,0.3076923076923077
740,2019,14,Illinois,Northwestern,160,433,1286,2314,1,4.0,2,1,0.36363636363636365,0.5,0.4375,0.4375
741,2019,14,Purdue,Indiana,589,522,1286,2314,5,6.0,2,0,0.5,0.25,0.5789473684210527,0.5789473684210527
742,2019,14,Michigan,Ohio State,396,577,1286,2314,3,8.0,2,1,0.15384615384615385,0,0.6,0.6
743,2019,14,Minnesota,Wisconsin,372,453,1286,2314,2,5.0,2,1,0.35714285714285715,0.3333333333333333,0.3,0.3
744,2019,14,Penn State,Rutgers,333,383,1286,2314,4,0.0,1,0,0.3,0.6666666666666666,0.4375,0.4375
745,2019,14,Michigan State,Maryland,430,316,1286,2314,1,2.0,2,3,0.5,0,0.09090909090909091,0.09090909090909091
746,2019,15,Wisconsin,Ohio State,432,492,1286,2314,3,4.0,0,1,0.4666666666666667,0.3333333333333333,0.42857142857142855,0.42857142857142855
747,2020,8,Wisconsin,Illinois,430,221,1286,2314,6,0.0,1,2,0.5714285714285714,1.0,0.2,0.2
748,2020,8,Ohio State,Nebraska,491,353,1286,2314,6,2.0,1,2,0.6153846153846154,1.0,0.4,0.4
749,2020,8,Michigan State,Rutgers,379,276,1286,2314,3,5.0,7,3,0.4117647058823529,0.5,0.4,0.4
750,2020,8,Indiana,Penn State,211,488,1286,2314,4,5.0,2,3,0.3333333333333333,0,0.5294117647058824,0.5294117647058824
751,2020,8,Purdue,Iowa,386,460,1286,2314,3,2.0,2,2,0.375,1.0,0.3076923076923077,0.3076923076923077
752,2020,8,Northwestern,Maryland,537,171,1286,2314,5,0.0,0,4,0.5,1.0,0.36363636363636365,0.36363636363636365
753,2020,8,Minnesota,Michigan,326,478,1286,2314,3,6.0,2,0,0.42857142857142855,0.3333333333333333,0.5,0.5
754,2020,9,Maryland,Minnesota,675,451,1286,2314,6,6.0,2,0,0.375,1.0,0.45454545454545453,0.45454545454545453
755,2020,9,Illinois,Purdue,472,455,1286,2314,3,3.0,4,2,0.2857142857142857,0.5,0.45454545454545453,0.45454545454545453
756,2020,9,Michigan,Michigan State,452,449,1286,2314,3,3.0,0,0,0.4117647058823529,1.0,0.35714285714285715,0.35714285714285715
757,2020,9,Rutgers,Indiana,257,352,1286,2314,3,4.0,3,0,0.21428571428571427,0,0.18181818181818182,0.18181818181818182
758,2020,9,Iowa,Northwestern,293,280,1286,2314,2,3.0,3,3,0.35294117647058826,0.6666666666666666,0.5263157894736842,0.5263157894736842
759,2020,9,Penn State,Ohio State,319,526,1286,2314,3,5.0,1,0,0.3333333333333333,0,0.5555555555555556,0.5555555555555556
760,2020,10,Indiana,Michigan,460,357,1286,2314,5,3.0,0,2,0.5,1.0,0.2727272727272727,0.2727272727272727
761,2020,10,Iowa,Michigan State,405,286,1286,2314,5,1.0,0,3,0.3333333333333333,1.0,0.35,0.35
762,2020,10,Northwestern,Nebraska,321,442,1286,2314,3,1.0,2,2,0.4375,1.0,0.25,0.25
763,2020,10,Illinois,Minnesota,275,541,1286,2314,2,6.0,0,2,0.25,1.0,0.8,0.8
764,2020,10,Penn State,Maryland,434,405,1286,2314,3,4.0,3,0,0.45,0.5,0.5625,0.5625
765,2020,10,Ohio State,Rutgers,512,370,1286,2314,7,3.0,1,2,0.5833333333333334,1.0,0.4117647058823529,0.4117647058823529
766,2020,11,Minnesota,Iowa,312,347,1286,2314,1,5.0,2,1,0.4375,0.5,0.42857142857142855,0.42857142857142855
767,2020,11,Michigan State,Indiana,191,434,1286,2314,0,3.0,4,2,0.25,0.3333333333333333,0.47058823529411764,0.47058823529411764
768,2020,11,Nebraska,Penn State,298,501,1286,2314,2,2.0,1,2,0.3333333333333333,1.0,0.47058823529411764,0.47058823529411764
769,2020,11,Rutgers,Illinois,415,441,1286,2314,2,2.0,3,1,0.2857142857142857,1.0,0.4375,0.4375
770,2020,11,Purdue,Northwestern,265,292,1286,2314,2,3.0,1,1,0.23529411764705882,0.6666666666666666,0.3888888888888889,0.3888888888888889
771,2020,11,Michigan,Wisconsin,219,468,1286,2314,1,7.0,2,0,0.2727272727272727,0,0.6153846153846154,0.6153846153846154
772,2020,12,Minnesota,Purdue,395,492,1286,2314,5,4.0,0,1,0.6363636363636364,0.5,0.6666666666666666,0.6666666666666666
773,2020,12,Ohio State,Indiana,607,494,1286,2314,5,5.0,3,3,0.42857142857142855,0,0.3076923076923077,0.3076923076923077
774,2020,12,Nebraska,Illinois,392,490,1286,2314,3,5.0,5,0,0.3333333333333333,0.4,0.6470588235294118,0.6470588235294118
775,2020,12,Penn State,Iowa,342,361,1286,2314,3,4.0,4,1,0.4666666666666667,0.3333333333333333,0.4666666666666667,0.4666666666666667
776,2020,12,Northwestern,Wisconsin,263,366,1286,2314,2,1.0,1,5,0.13333333333333333,0,0.1875,0.1875
777,2020,12,Rutgers,Michigan,482,497,1286,2314,5,6.0,0,1,0.3888888888888889,1.0,0.375,0.375
778,2020,13,Iowa,Nebraska,322,338,1286,2314,2,2.0,1,2,0.2857142857142857,1.0,0.3333333333333333,0.3333333333333333
779,2020,13,Michigan,Penn State,286,417,1286,2314,2,3.0,1,0,0.3333333333333333,0.3333333333333333,0.5,0.5
780,2020,13,Indiana,Maryland,349,300,1286,2314,3,1.0,1,3,0.375,0.5,0.2857142857142857,0.2857142857142857
781,2020,13,Michigan State,Northwestern,362,294,1286,2314,2,2.0,1,3,0.47619047619047616,0,0.29411764705882354,0.29411764705882354
782,2020,13,Purdue,Rutgers,412,412,1286,2314,4,4.0,1,0,0.36363636363636365,0.5,0.5882352941176471,0.5882352941176471
783,2020,14,Purdue,Nebraska,332,364,1286,2314,3,4.0,0,0,0.23076923076923078,0.3333333333333333,0.4,0.4
784,2020,14,Rutgers,Penn State,205,381,1286,2314,1,2.0,1,2,0.2,0.25,0.26666666666666666,0.26666666666666666
785,2020,14,Michigan State,Ohio State,261,521,1286,2314,1,6.0,4,1,0.17647058823529413,0.5,0.5,0.5
786,2020,14,Illinois,Iowa,348,424,1286,2314,3,4.0,0,0,0.5,0.5,0.3333333333333333,0.3333333333333333
787,2020,14,Wisconsin,Indiana,342,217,1286,2314,0,2.0,2,1,0.5,0,0.4,0.4
788,2020,15,Northwestern,Illinois,493,262,1286,2314,4,1.0,1,0,0.4,0.7142857142857143,0.25,0.25
789,2020,15,Nebraska,Minnesota,308,393,1286,2314,2,3.0,2,0,0.3076923076923077,0,0.3076923076923077,0.3076923076923077
790,2020,15,Maryland,Rutgers,455,379,1286,2314,3,3.0,2,0,0.29411764705882354,0,0.3333333333333333,0.3333333333333333
791,2020,15,Penn State,Michigan State,405,389,1286,2314,4,3.0,1,1,0.3333333333333333,0,0.16666666666666666,0.16666666666666666
792,2020,15,Iowa,Wisconsin,338,225,1286,2314,3,1.0,1,2,0.21428571428571427,0,0.2222222222222222,0.2222222222222222
793,2020,16,Rutgers,Nebraska,252,620,1286,2314,1,4.0,1,4,0.15384615384615385,0.6666666666666666,0.5384615384615384,0.5384615384615384
794,2020,16,Ohio State,Northwestern,513,329,1286,2314,2,1.0,2,3,0.36363636363636365,0,0.4666666666666667,0.4666666666666667
795,2020,16,Wisconsin,Minnesota,322,326,1286,2314,2,2.0,1,1,0.3333333333333333,0,0.36363636363636365,0.36363636363636365
796,2020,16,Penn State,Illinois,580,273,1286,2314,7,3.0,1,2,0.3333333333333333,1.0,0.26666666666666666,0.26666666666666666
797,2021,1,Illinois,Nebraska,326,392,1286,2314,3,3.0,1,1,0.46153846153846156,0,0.35714285714285715,0.35714285714285715
798,2021,1,Minnesota,Ohio State,408,495,1286,2314,4,5.0,2,1,0.5714285714285714,1.0,0.5,0.5
799,2021,1,Northwestern,Michigan State,400,511,1286,2314,3,5.0,0,1,0.4,0.8,0.4,0.4
800,2021,1,Rutgers,Temple,365,239,1286,2314,7,2.0,0,4,0.375,1.0,0.15384615384615385,0.15384615384615385
802,2021,1,Wisconsin,Penn State,365,297,1286,2314,1,2.0,2,0,0.3333333333333333,0.6666666666666666,0.23076923076923078,0.23076923076923078
803,2021,1,Michigan,Western Michigan,550,317,1286,2314,6,2.0,0,0,0.6666666666666666,1.0,0.47058823529411764,0.47058823529411764
804,2021,1,Iowa,Indiana,303,233,1286,2314,2,0.0,2,3,0.3333333333333333,1.0,0.3333333333333333,0.3333333333333333
805,2021,1,Maryland,West Virginia,495,319,1286,2314,3,3.0,0,4,0.4,0.5,0.42857142857142855,0.42857142857142855
806,2021,1,Purdue,Oregon State,401,363,1286,2314,3,3.0,1,1,0.4375,0,0.3333333333333333,0.3333333333333333
807,2021,1,Illinois,UT San Antonio,412,497,1286,2314,3,4.0,1,1,0.4444444444444444,0.5,0.5294117647058824,0.5294117647058824
808,2021,2,Virginia,Illinois,558,305,1286,2314,6,2.0,2,2,0.4,1.0,0.375,0.375
809,2021,2,Michigan State,Youngstown State,595,304,1286,2314,6,2.0,1,1,0.4444444444444444,1.0,0.45,0.45
810,2021,2,Northwestern,Indiana State,275,169,1286,2314,3,1.0,2,1,0.38461538461538464,0.5,0.26666666666666666,0.26666666666666666
811,2021,2,Minnesota,Miami (OH),287,341,1286,2314,4,3.0,0,2,0.5,0,0.42857142857142855,0.42857142857142855
812,2021,2,Ohio State,Oregon,612,505,1286,2314,4,5.0,1,0,0.4,0.4,0.5,0.5
813,2021,2,Syracuse,Rutgers,258,195,1286,2314,1,2.0,3,0,0.14285714285714285,1.0,0.2,0.2
814,2021,2,Connecticut,Purdue,222,563,1286,2314,0,7.0,1,0,0.375,0,0.5,0.5
815,2021,2,Penn State,Ball State,493,295,1286,2314,4,1.0,0,2,0.46153846153846156,0,0.25,0.25
816,2021,2,Nebraska,Buffalo,516,359,1286,2314,4,0.0,1,1,0.5333333333333333,0,0.5,0.5
817,2021,2,Iowa State,Iowa,339,173,1286,2314,2,2.0,4,0,0.25,1.0,0.26666666666666666,0.26666666666666666
818,2021,2,Wisconsin,Eastern Michigan,518,92,1286,2314,4,0.0,1,1,0.4166666666666667,0.5,0.18181818181818182,0.18181818181818182
819,2021,2,Maryland,Howard,574,146,1286,2314,8,0.0,0,1,0.6,1.0,0,0
820,2021,2,Indiana,Idaho,338,261,1286,2314,6,2.0,0,1,0.4666666666666667,1.0,0.21428571428571427,0.21428571428571427
821,2021,2,Michigan,Washington,387,343,1286,2314,4,1.0,0,1,0.4375,0.6666666666666666,0.4117647058823529,0.4117647058823529
822,2021,3,Illinois,Maryland,335,481,1286,2314,2,2.0,1,2,0.47058823529411764,0,0.2,0.2
823,2021,3,Oklahoma,Nebraska,408,375,1286,2314,3,2.0,0,1,0.5454545454545454,0,0.46153846153846156,0.46153846153846156
824,2021,3,Michigan,Northern Illinois,606,213,1286,2314,9,1.0,0,1,0.5,0.3333333333333333,0.15384615384615385,0.15384615384615385
825,2021,3,Indiana,Cincinnati,376,319,1286,2314,3,4.0,4,2,0.375,0.3333333333333333,0.2857142857142857,0.2857142857142857
826,2021,3,Miami,Michigan State,440,454,1286,2314,2,5.0,4,0,0.35294117647058826,0.75,0.4666666666666667,0.4666666666666667
827,2021,3,Colorado,Minnesota,63,443,1286,2314,0,4.0,2,0,0.16666666666666666,0,0.2727272727272727,0.2727272727272727
828,2021,3,Notre Dame,Purdue,343,348,1286,2314,3,1.0,0,2,0.23529411764705882,1.0,0.25,0.25
829,2021,3,Iowa,Kent State,418,260,1286,2314,4,1.0,1,1,0.5,0.3333333333333333,0.23076923076923078,0.23076923076923078
830,2021,3,Ohio State,Tulsa,501,487,1286,2314,4,2.0,2,2,0.5454545454545454,0,0.5625,0.5625
831,2021,3,Rutgers,Delaware,493,260,1286,2314,5,1.0,0,0,0.7142857142857143,0,0.23076923076923078,0.23076923076923078
832,2021,3,Duke,Northwestern,558,407,1286,2314,3,3.0,3,5,0.5,0.5,0.38461538461538464,0.38461538461538464
833,2021,3,Penn State,Auburn,386,367,1286,2314,4,2.0,1,1,0.5,0,0.5882352941176471,0.5882352941176471
834,2021,4,Northwestern,Ohio,461,348,1286,2314,3,1.0,1,3,0.5333333333333333,0,0.23076923076923078,0.23076923076923078
835,2021,4,Wisconsin,Notre Dame,318,242,1286,2314,1,2.0,5,1,0.07142857142857142,0,0.3125,0.3125
836,2021,4,Penn State,Villanova,509,280,1286,2314,5,2.0,1,1,0.25,1.0,0.2857142857142857,0.2857142857142857
837,2021,4,Minnesota,Bowling Green,241,194,1286,2314,1,2.0,3,2,0.35714285714285715,0.5,0.14285714285714285,0.14285714285714285
838,2021,4,Purdue,Illinois,317,275,1286,2314,1,0.0,2,0,0.5,0,0.3125,0.3125
839,2021,4,Iowa,Colorado State,278,250,1286,2314,3,2.0,1,1,0.3076923076923077,0,0.4782608695652174,0.4782608695652174
840,2021,4,Maryland,Kent State,528,458,1286,2314,5,1.0,2,1,0.36363636363636365,0.5,0.25,0.25
841,2021,4,Michigan,Rutgers,275,352,1286,2314,2,1.0,0,1,0.36363636363636365,0,0.4375,0.4375
842,2021,4,Michigan State,Nebraska,254,444,1286,2314,1,2.0,1,2,0.1,0,0.3684210526315789,0.3684210526315789
843,2021,4,Ohio State,Akron,622,229,1286,2314,7,1.0,1,2,0.7272727272727273,0,0.2777777777777778,0.2777777777777778
844,2021,4,Western Kentucky,Indiana,458,507,1286,2314,4,3.0,0,0,0.4,0.5,0.6111111111111112,0.6111111111111112
