year,team,team_id,rank,points
2010,Florida,57,1,324.62
2010,Texas,251,2,312.07
2010,USC,30,3,294.73
2010,Alabama,333,4,284.20
2010,Oklahoma,201,5,283.58
2010,Auburn,2,6,277.20
2010,Tennessee,2633,7,271.56
2010,Florida State,52,8,271.41
2010,LSU,99,9,267.84
2010,UCLA,26,10,263.81
2010,Georgia,61,11,259.87
2010,Oregon,2483,12,250.88
2010,Penn State,213,13,249.63
2010,Miami,2390,14,249.55
2010,Notre Dame,87,15,241.92
2010,Texas A&M,245,16,240.98
2010,Michigan,130,17,237.54
2010,Ohio State,194,18,237.38
2010,Washington,264,19,234.35
2010,California,25,20,233.80
2010,Missouri,142,21,229.00
2010,Michigan State,127,22,225.56
2010,North Carolina,153,23,224.64
2010,Ole Miss,145,24,223.70
2010,Stanford,24,25,223.33
2010,Nebraska,158,26,219.70
2010,Clemson,228,27,218.08
2010,Virginia Tech,259,28,214.01
2010,Oklahoma State,197,29,213.10
2010,Mississippi State,344,30,212.47
2010,Pittsburgh,221,31,212.43
2010,West Virginia,277,32,211.69
2010,BYU,252,33,211.56
2010,South Carolina,2579,34,210.39
2010,NC State,152,35,208.25
2010,Iowa,2294,36,208.14
2010,Texas Tech,2641,37,207.32
2010,Baylor,239,38,206.15
2010,Maryland,120,39,205.67
2010,Arizona State,9,40,203.28
2010,Arkansas,8,41,203.21
2010,Utah,254,42,202.20
2010,Georgia Tech,59,43,201.21
2010,Louisville,97,44,197.18
2010,Boston College,103,45,196.90
2010,Wisconsin,275,46,194.33
2010,TCU,2628,47,192.08
2010,Southern Mississippi,2572,48,191.15
2010,Kentucky,96,49,190.83
2010,UCF,2116,50,189.21
2010,Vanderbilt,238,51,188.39
2010,Minnesota,135,52,186.47
2010,Purdue,2509,53,186.34
2010,Rutgers,164,54,186.09
2010,Houston,248,55,185.42
2010,Cincinnati,2132,56,184.21
2010,Colorado,38,57,183.91
2010,Arizona,12,58,183.75
2010,South Florida,58,59,182.46
2010,Syracuse,183,60,180.14
2010,Illinois,356,61,180.07
2010,Oregon State,204,62,178.62
2010,Wake Forest,154,63,178.48
2010,Kansas,2305,64,177.90
2010,Washington State,265,65,177.38
2010,SMU,2567,66,177.12
2010,Northwestern,77,67,176.85
2010,Iowa State,66,68,175.20
2010,Fresno State,278,69,175.17
2010,Colorado State,36,70,172.59
2010,Memphis,235,71,172.54
2010,Tulsa,202,72,172.19
2010,Duke,150,73,171.81
2010,Virginia,258,74,170.27
2010,San Diego State,21,75,165.98
2010,Kansas State,2306,76,164.45
2010,Indiana,84,77,164.39
2010,Marshall,276,78,164.29
2010,New Mexico,167,79,157.08
2010,Hawai'i,62,80,155.71
2010,Louisiana Tech,2348,81,154.22
2010,Florida International,2229,82,153.54
2010,East Carolina,151,83,152.95
2010,Connecticut,41,84,151.10
2010,UTEP,2638,85,150.87
2010,UAB,5,86,150.49
2010,Toledo,2649,87,149.24
2010,Western Michigan,2711,88,146.63
2010,Bowling Green,189,89,146.16
2010,Tulane,2655,90,145.27
2010,Nevada,2440,91,144.64
2010,Rice,242,92,144.16
2010,Ball State,2050,93,142.28
2010,Arkansas State,2032,94,142.14
2010,Temple,218,95,141.31
2010,San José State,23,96,140.49
2010,Idaho,70,97,140.01
2010,Northern Illinois,2459,98,139.25
2010,Wyoming,2751,99,138.94
2010,Miami (OH),193,100,138.32
2010,Kent State,2309,101,138.28
2010,Akron,2006,102,136.89
2010,UNLV,2439,103,136.45
2010,New Mexico State,166,104,132.06
2010,Utah State,328,105,127.94
2010,Central Michigan,2117,106,127.67
2010,Western Kentucky,98,107,126.31
2010,Buffalo,2084,108,125.67
2010,Troy,2653,109,117.28
2010,Boise State,68,110,115.97
2010,Eastern Michigan,2199,111,110.90
2010,Ohio,195,112,101.59
2010,Army,349,113,99.95
2010,Middle Tennessee,2393,114,88.46
2010,Louisiana,309,115,86.44
2010,Louisiana Monroe,2433,116,85.12
2010,North Texas,249,117,83.28
2010,Florida Atlantic,2226,118,66.11
2010,Navy,2426,119,38.65
2010,Air Force,2005,120,26.17
2010,Georgia Southern,290,121,13.33
2010,Norfolk State,2450,122,6.67
2010,New Hampshire,160,123,6.67
2010,Georgia State,2247,125,0.00
2011,Alabama,333,1,298.50
2011,Florida State,52,2,297.03
2011,USC,30,3,286.99
2011,Texas,251,4,284.05
2011,Auburn,2,5,281.02
2011,Ohio State,194,6,278.47
2011,Georgia,61,7,278.18
2011,LSU,99,8,272.65
2011,Notre Dame,87,9,271.38
2011,Clemson,228,10,269.69
2011,Florida,57,11,258.24
2011,Oregon,2483,12,257.09
2011,Oklahoma,201,13,256.79
2011,Tennessee,2633,14,253.78
2011,California,25,15,249.70
2011,Nebraska,158,16,245.60
2011,South Carolina,2579,17,244.09
2011,North Carolina,153,18,230.93
2011,Texas Tech,2641,19,230.54
2011,Ole Miss,145,20,226.45
2011,Arkansas,8,21,226.22
2011,Stanford,24,22,221.85
2011,Virginia,258,23,220.78
2011,Washington,264,24,219.90
2011,Oklahoma State,197,25,212.82
2011,Iowa,2294,26,208.64
2011,Louisville,97,27,208.34
2011,TCU,2628,28,207.48
2011,Rutgers,164,29,205.88
2011,Michigan,130,30,205.16
2011,Penn State,213,31,201.40
2011,Michigan State,127,32,198.83
2011,Miami,2390,33,198.68
2011,Texas A&M,245,34,193.44
2011,Virginia Tech,259,35,190.02
2011,Kentucky,96,36,184.89
2011,Illinois,356,37,183.92
2011,Utah,254,38,182.11
2011,Boston College,103,39,180.89
2011,Kansas,2305,40,178.77
2011,Mississippi State,344,41,178.10
2011,Oregon State,204,42,175.84
2011,Georgia Tech,59,43,174.84
2011,Wisconsin,275,44,174.08
2011,UCLA,26,45,172.23
2011,Baylor,239,46,169.94
2011,Cincinnati,2132,47,168.77
2011,Arizona,12,48,166.94
2011,Vanderbilt,238,49,164.00
2011,Maryland,120,50,162.97
2011,Kansas State,2306,51,161.75
2011,West Virginia,277,52,160.31
2011,Boise State,68,53,159.98
2011,UCF,2116,54,158.74
2011,Indiana,84,55,158.62
2011,Missouri,142,56,158.06
2011,Minnesota,135,57,157.15
2011,Syracuse,183,58,155.37
2011,Iowa State,66,59,153.86
2011,Marshall,276,60,152.84
2011,Northwestern,77,61,150.59
2011,Pittsburgh,221,62,150.28
2011,Duke,150,63,149.33
2011,Colorado,38,64,147.70
2011,Arizona State,9,65,146.68
2011,Wake Forest,154,66,144.89
2011,SMU,2567,67,144.59
2011,Washington State,265,68,144.31
2011,BYU,252,69,143.97
2011,South Florida,58,70,143.19
2011,NC State,152,71,139.33
2011,East Carolina,151,72,138.07
2011,Houston,248,73,133.64
2011,Toledo,2649,74,132.90
2011,Purdue,2509,75,129.88
2011,Colorado State,36,76,122.79
2011,Memphis,235,77,122.48
2011,San Diego State,21,78,118.44
2011,Connecticut,41,79,117.60
2011,Tulsa,202,80,113.38
2011,Tulane,2655,81,110.80
2011,Western Michigan,2711,82,94.12
2011,Temple,218,83,93.88
2011,Louisiana,309,84,91.52
2011,Western Kentucky,98,85,85.81
2011,Southern Mississippi,2572,86,83.64
2011,Navy,2426,87,81.56
2011,Army,349,88,77.89
2011,Air Force,2005,89,77.86
2011,Bowling Green,189,90,77.59
2011,South Alabama,6,91,76.36
2011,Florida International,2229,92,76.24
2011,Central Michigan,2117,93,75.64
2011,Hawai'i,62,94,73.77
2011,Northern Illinois,2459,95,67.82
2011,Ohio,195,96,67.80
2011,Rice,242,97,67.71
2011,Fresno State,278,98,67.30
2011,Middle Tennessee,2393,99,66.67
2011,Buffalo,2084,100,61.88
2011,UAB,5,101,61.54
2011,Ball State,2050,102,60.53
2011,Florida Atlantic,2226,103,60.49
2011,Wyoming,2751,104,59.82
2011,New Mexico,167,105,57.85
2011,Louisiana Monroe,2433,106,57.72
2011,Miami (OH),193,107,57.32
2011,Utah State,328,108,56.53
2011,North Texas,249,109,55.16
2011,UNLV,2439,110,53.88
2011,Eastern Michigan,2199,111,53.69
2011,Troy,2653,112,51.83
2011,Louisiana Tech,2348,113,51.59
2011,Akron,2006,114,50.30
2011,Nevada,2440,115,50.28
2011,San José State,23,116,48.83
2011,Idaho,70,117,48.78
2011,Arkansas State,2032,118,48.25
2011,Kent State,2309,119,45.57
2011,UTEP,2638,120,35.04
2011,New Mexico State,166,121,30.13
2011,Northern Iowa,2460,122,28.92
2011,Villanova,222,123,24.24
2011,South Carolina State,2569,124,18.10
2011,Liberty,2335,125,13.33
2011,Harvard,108,126,13.29
2011,Texas State,326,127,12.55
2011,Holy Cross,107,128,11.46
2011,Old Dominion,295,129,8.32
2011,UMass,113,130,6.67
2011,UT San Antonio,2636,131,6.67
2011,Bethune-Cookman,2065,132,5.99
2011,Appalachian State,2026,133,4.32
2011,Western Carolina,2717,134,0.00
2011,Eastern Illinois,2197,135,0.00
2011,North Dakota State,2449,136,0.00
2011,Indiana State,282,137,0.00
2012,Alabama,333,1,313.12
2012,Texas,251,2,300.12
2012,Florida,57,3,290.27
2012,Florida State,52,4,290.11
2012,Ohio State,194,5,286.13
2012,Michigan,130,6,281.12
2012,Stanford,24,7,275.98
2012,USC,30,8,274.18
2012,Georgia,61,9,273.57
2012,Miami,2390,10,268.93
2012,Auburn,2,11,261.81
2012,Oklahoma,201,12,255.08
2012,LSU,99,13,252.55
2012,Oregon,2483,14,251.25
2012,South Carolina,2579,15,248.77
2012,Texas A&M,245,16,248.67
2012,Notre Dame,87,17,248.21
2012,UCLA,26,18,247.77
2012,Tennessee,2633,19,242.81
2012,Clemson,228,20,241.73
2012,Virginia Tech,259,21,231.41
2012,Mississippi State,344,22,227.14
2012,Rutgers,164,23,226.24
2012,Washington,264,24,225.52
2012,Virginia,258,25,223.88
2012,Baylor,239,26,222.62
2012,Arkansas,8,27,222.12
2012,Texas Tech,2641,28,220.70
2012,TCU,2628,29,219.37
2012,California,25,30,217.88
2012,Oklahoma State,197,31,213.82
2012,Nebraska,158,32,213.77
2012,Missouri,142,33,212.40
2012,Michigan State,127,34,210.77
2012,West Virginia,277,35,206.70
2012,Arizona State,9,36,205.33
2012,Maryland,120,37,204.96
2012,Utah,254,38,204.91
2012,Colorado,38,39,203.71
2012,Iowa,2294,40,201.08
2012,North Carolina,153,41,199.55
2012,Arizona,12,42,199.26
2012,Pittsburgh,221,43,198.81
2012,Oregon State,204,44,195.63
2012,Louisville,97,45,194.36
2012,Vanderbilt,238,46,194.25
2012,Penn State,213,47,192.63
2012,Ole Miss,145,48,190.69
2012,Purdue,2509,49,188.27
2012,Kentucky,96,50,187.81
2012,Cincinnati,2132,51,185.26
2012,NC State,152,52,183.70
2012,Georgia Tech,59,53,183.42
2012,South Florida,58,54,181.93
2012,Northwestern,77,55,178.76
2012,Houston,248,56,176.32
2012,Indiana,84,57,175.53
2012,Washington State,265,58,173.37
2012,Minnesota,135,59,171.00
2012,Syracuse,183,60,170.44
2012,Boise State,68,61,169.10
2012,Duke,150,62,165.02
2012,Illinois,356,63,162.09
2012,Arkansas State,2032,64,162.02
2012,Wisconsin,275,65,160.75
2012,Wake Forest,154,66,156.07
2012,Iowa State,66,67,155.41
2012,Southern Mississippi,2572,68,150.61
2012,Boston College,103,69,150.03
2012,SMU,2567,70,149.82
2012,BYU,252,71,148.63
2012,Connecticut,41,72,143.96
2012,Kansas State,2306,73,139.67
2012,Temple,218,74,139.63
2012,San Diego State,21,75,139.37
2012,Toledo,2649,76,138.36
2012,Nevada,2440,77,135.19
2012,Marshall,276,78,134.93
2012,Florida International,2229,79,134.46
2012,East Carolina,151,80,133.06
2012,Kansas,2305,81,128.07
2012,Florida Atlantic,2226,82,125.72
2012,Tulane,2655,83,124.65
2012,Hawai'i,62,84,124.09
2012,Rice,242,85,123.63
2012,Air Force,2005,86,121.39
2012,Miami (OH),193,87,121.01
2012,New Mexico State,166,88,120.43
2012,Tulsa,202,89,120.37
2012,Central Michigan,2117,90,120.28
2012,Western Michigan,2711,91,120.13
2012,Memphis,235,92,116.80
2012,Ohio,195,93,116.72
2012,Bowling Green,189,94,115.20
2012,New Mexico,167,95,113.27
2012,UCF,2116,96,113.11
2012,Western Kentucky,98,97,111.94
2012,Louisiana Tech,2348,98,111.90
2012,Troy,2653,99,111.64
2012,North Texas,249,100,108.78
2012,UNLV,2439,101,106.30
2012,Kent State,2309,102,105.08
2012,Northern Illinois,2459,103,104.53
2012,San José State,23,104,103.14
2012,Ball State,2050,105,103.09
2012,UTEP,2638,106,102.75
2012,Louisiana,309,107,97.59
2012,Eastern Michigan,2199,108,96.95
2012,UAB,5,109,96.91
2012,Idaho,70,110,96.07
2012,Utah State,328,111,96.05
2012,Texas State,326,112,94.09
2012,South Alabama,6,113,93.33
2012,Wyoming,2751,114,92.41
2012,Fresno State,278,115,89.62
2012,Louisiana Monroe,2433,116,89.23
2012,Buffalo,2084,117,89.13
2012,Navy,2426,118,89.01
2012,Middle Tennessee,2393,119,87.49
2012,Colorado State,36,120,74.75
2012,Akron,2006,121,70.10
2012,UT San Antonio,2636,122,62.13
2012,South Carolina State,2569,123,58.91
2012,James Madison,256,124,54.11
2012,Appalachian State,2026,125,46.27
2012,Army,349,126,45.41
2012,Old Dominion,295,127,40.57
2012,Georgia State,2247,128,28.35
2012,Youngstown State,2754,129,28.33
2012,Portland State,2502,130,26.61
2012,Georgia Southern,290,131,25.10
2012,Eastern Washington,331,132,24.65
2012,Bethune-Cookman,2065,133,23.44
2012,Liberty,2335,134,22.63
2012,Gardner-Webb,2241,135,22.12
2012,McNeese,2377,136,21.19
2012,Pennsylvania,219,137,21.17
2012,UMass,113,138,19.91
2012,Dartmouth,159,139,19.37
2012,Charlotte,2429,140,19.34
2012,Tennessee State,2634,141,19.26
2012,Yale,43,142,18.55
2012,Hampton,2261,143,17.80
2012,Northern Iowa,2460,144,17.64
2012,VMI,2678,146,15.27
2012,Wagner,2681,148,13.76
2012,Montana,149,149,11.20
2012,Lamar,2320,150,11.11
2012,William & Mary,2729,151,11.07
2012,Towson,119,152,10.79
2012,Coastal Carolina,324,153,10.62
2012,Southern Illinois,79,154,10.61
2012,Western Illinois,2710,155,10.55
2012,Lehigh,2329,156,10.54
2012,Chattanooga,236,157,10.48
2012,Delaware State,2169,158,10.48
2012,Princeton,163,159,10.24
2012,Southeast Missouri State,2546,161,9.99
2012,Texas Southern,2640,162,9.93
2012,Monmouth,2405,163,8.39
2012,Weber State,2692,164,7.99
2012,Eastern Kentucky,2198,166,7.49
2012,Montana State,147,167,7.32
2012,Harvard,108,169,6.67
2012,North Dakota,155,170,6.67
2012,Grambling,2755,171,6.67
2012,Elon,2210,172,6.67
2012,Cornell,172,173,6.67
2012,South Dakota State,2571,174,6.67
2012,Northern Colorado,2458,175,6.67
2012,Southern Utah,253,176,6.67
2012,Columbia,171,177,6.67
2012,Idaho State,304,178,6.50
2012,Norfolk State,2450,179,6.36
2012,Presbyterian College,2506,180,5.98
2012,North Carolina Central,2428,181,4.98
2012,Western Carolina,2717,182,4.98
2012,Richmond,257,183,4.35
2012,The Citadel,2643,184,4.31
2012,Central Arkansas,2110,186,3.98
2012,Furman,231,187,3.31
2012,Cal Poly,13,188,2.98
2012,Delaware,48,189,0.98
2013,Alabama,333,1,319.50
2013,Ohio State,194,2,303.35
2013,Florida,57,3,291.89
2013,Michigan,130,4,288.74
2013,Notre Dame,87,5,284.77
2013,LSU,99,6,281.05
2013,UCLA,26,7,276.33
2013,Ole Miss,145,8,275.52
2013,Texas A&M,245,9,267.75
2013,Auburn,2,10,267.46
2013,Florida State,52,11,262.69
2013,Georgia,61,12,260.38
2013,USC,30,13,256.44
2013,Miami,2390,14,249.66
2013,Clemson,228,15,249.66
2013,Oklahoma,201,16,241.93
2013,Texas,251,17,234.52
2013,Washington,264,18,234.20
2013,Oregon,2483,19,227.16
2013,South Carolina,2579,20,224.01
2013,Virginia Tech,259,21,223.82
2013,Nebraska,158,22,220.72
2013,Arkansas,8,23,216.60
2013,Mississippi State,344,24,214.76
2013,Tennessee,2633,25,214.06
2013,Vanderbilt,238,26,211.23
2013,Baylor,239,27,209.23
2013,North Carolina,153,28,206.42
2013,Virginia,258,29,201.88
2013,West Virginia,277,30,201.03
2013,Oklahoma State,197,31,199.52
2013,Pittsburgh,221,32,196.04
2013,Penn State,213,33,195.70
2013,Kentucky,96,34,195.55
2013,TCU,2628,35,194.83
2013,Louisville,97,36,194.03
2013,Michigan State,127,37,193.96
2013,Maryland,120,38,193.11
2013,Arizona State,9,39,192.78
2013,Wisconsin,275,40,191.08
2013,California,25,41,190.85
2013,Indiana,84,42,190.33
2013,Missouri,142,43,189.91
2013,Arizona,12,44,188.91
2013,Oregon State,204,45,186.60
2013,Texas Tech,2641,46,182.16
2013,Utah,254,47,181.27
2013,Rutgers,164,48,180.79
2013,Kansas,2305,49,180.28
2013,Washington State,265,50,177.90
2013,Illinois,356,51,176.35
2013,Stanford,24,52,175.38
2013,Northwestern,77,53,174.64
2013,South Florida,58,54,173.74
2013,Boise State,68,55,173.51
2013,Iowa,2294,56,171.96
2013,Houston,248,57,171.40
2013,Marshall,276,58,170.81
2013,NC State,152,59,166.04
2013,Cincinnati,2132,60,162.33
2013,Purdue,2509,61,162.05
2013,Connecticut,41,62,160.61
2013,Iowa State,66,63,159.52
2013,Kansas State,2306,64,158.71
2013,Wake Forest,154,65,153.00
2013,BYU,252,66,152.55
2013,Minnesota,135,67,152.11
2013,Colorado,38,68,151.29
2013,San Diego State,21,69,151.17
2013,Georgia Tech,59,70,149.34
2013,Duke,150,71,148.96
2013,SMU,2567,72,148.40
2013,East Carolina,151,73,146.66
2013,Syracuse,183,74,144.37
2013,Fresno State,278,75,142.76
2013,Toledo,2649,76,141.96
2013,Temple,218,77,140.29
2013,Hawai'i,62,78,139.50
2013,UCF,2116,79,139.32
2013,Louisiana,309,80,138.35
2013,Tulsa,202,81,138.11
2013,Southern Mississippi,2572,82,136.46
2013,Tulane,2655,83,133.37
2013,Colorado State,36,84,132.61
2013,Bowling Green,189,85,131.36
2013,Boston College,103,86,126.19
2013,Middle Tennessee,2393,87,125.23
2013,Nevada,2440,88,124.94
2013,Louisiana Tech,2348,89,124.51
2013,Memphis,235,90,123.56
2013,Rice,242,91,123.22
2013,South Alabama,6,92,123.16
2013,New Mexico,167,93,122.45
2013,Texas State,326,94,120.48
2013,Western Kentucky,98,95,120.24
2013,Florida Atlantic,2226,96,119.58
2013,UAB,5,97,118.27
2013,UNLV,2439,98,117.06
2013,Troy,2653,99,114.51
2013,Arkansas State,2032,100,113.75
2013,UMass,113,101,112.55
2013,Northern Illinois,2459,102,108.89
2013,UT San Antonio,2636,103,108.72
2013,Central Michigan,2117,104,108.05
2013,Ball State,2050,105,107.69
2013,Miami (OH),193,106,107.36
2013,Air Force,2005,107,106.74
2013,Western Michigan,2711,108,106.64
2013,Utah State,328,109,105.41
2013,Wyoming,2751,110,101.61
2013,Georgia State,2247,111,101.05
2013,Charlotte,2429,112,100.75
2013,Eastern Michigan,2199,113,98.58
2013,Florida International,2229,114,98.08
2013,Akron,2006,115,97.64
2013,Navy,2426,116,97.15
2013,Ohio,195,117,96.79
2013,Kent State,2309,118,95.27
2013,North Texas,249,119,93.60
2013,New Mexico State,166,120,92.08
2013,UTEP,2638,121,88.53
2013,Old Dominion,295,122,87.47
2013,San José State,23,123,83.62
2013,Idaho,70,124,80.11
2013,Appalachian State,2026,125,78.64
2013,Louisiana Monroe,2433,126,77.32
2013,Army,349,127,74.07
2013,Buffalo,2084,128,72.53
2013,Yale,43,129,70.19
2013,Harvard,108,130,51.51
2013,South Carolina State,2569,131,50.71
2013,Tennessee Tech,2635,132,47.01
2013,Samford,2535,133,46.10
2013,Jacksonville State,55,134,42.28
2013,Georgia Southern,290,135,40.99
2013,Furman,231,136,37.08
2013,Coastal Carolina,324,137,35.72
2013,Chattanooga,236,138,34.29
2013,Pennsylvania,219,139,34.17
2013,Murray State,93,140,33.47
2013,Albany,399,141,32.80
2013,Sacramento State,16,142,31.16
2013,Tennessee State,2634,143,30.63
2013,Richmond,257,144,29.99
2013,Central Arkansas,2110,145,28.88
2013,Indiana State,282,146,28.73
2013,Delaware,48,147,28.63
2013,Jackson State,2296,148,28.24
2013,Alcorn State,2016,149,26.36
2013,Duquesne,2184,150,25.58
2013,Southern Illinois,79,151,25.26
2013,Grand Valley State,125,153,24.73
2013,Eastern Washington,331,154,23.93
2013,Bethune-Cookman,2065,155,23.74
2013,Villanova,222,156,22.47
2013,Montana State,147,157,22.21
2013,Illinois State,2287,158,22.06
2013,Northern Arizona,2464,159,21.71
2013,Southern,2582,160,21.62
2013,The Citadel,2643,161,21.42
2013,Stephen F. Austin,2617,162,21.18
2013,Austin Peay,2046,163,21.02
2013,Sam Houston State,2534,164,20.96
2013,Lehigh,2329,165,20.11
2013,Montana,149,166,19.94
2013,Stony Brook,2619,167,19.72
2013,Wofford,2747,168,18.40
2013,Southeastern Louisiana,2545,169,17.21
2013,Northern Colorado,2458,170,16.28
2013,McNeese,2377,171,16.23
2013,Florida A&M,50,172,15.66
2013,Lamar,2320,173,14.99
2013,Jacksonville,294,174,14.62
2013,VMI,2678,177,13.93
2013,James Madison,256,178,13.66
2013,Wagner,2681,179,13.06
2013,Houston Baptist,2277,180,12.64
2013,Brown,225,181,11.99
2013,William & Mary,2729,182,11.99
2013,Columbia,171,184,10.79
2013,South Dakota State,2571,185,10.00
2013,Alabama A&M,2010,186,9.99
2013,Presbyterian College,2506,187,9.99
2013,Towson,119,188,9.94
2013,Colgate,2142,189,9.83
2013,Youngstown State,2754,192,9.05
2013,UC Davis,302,193,8.98
2013,UT Martin,2630,194,8.82
2013,Fordham,2230,195,8.51
2013,Alabama State,2011,196,8.12
2013,Stetson,56,197,7.98
2013,Western Carolina,2717,198,7.83
2013,Bucknell,2083,199,7.79
2013,Maine,311,200,7.32
2013,Portland State,2502,202,6.81
2013,Weber State,2692,203,6.67
2013,Northern Iowa,2460,204,6.67
2013,Grambling,2755,205,6.67
2013,Western Illinois,2710,206,6.67
2013,Southeast Missouri State,2546,207,6.67
2013,North Dakota,155,208,6.67
2013,South Dakota,233,209,6.67
2013,Gardner-Webb,2241,210,5.98
2013,Texas Southern,2640,212,3.33
2013,Dartmouth,159,213,3.31
2013,Elon,2210,214,1.97
2013,Rhode Island,227,215,0.00
2013,Robert Morris,2523,216,0.00
2013,Georgetown,46,217,0.00
2013,North Dakota State,2449,218,0.00
2014,Alabama,333,1,319.71
2014,LSU,99,2,299.29
2014,Ohio State,194,3,296.08
2014,Florida State,52,4,286.79
2014,Texas A&M,245,5,278.08
2014,Auburn,2,6,277.12
2014,Tennessee,2633,7,274.77
2014,Georgia,61,8,273.39
2014,Florida,57,9,267.40
2014,USC,30,10,264.86
2014,Notre Dame,87,11,260.44
2014,Miami,2390,12,256.08
2014,Stanford,24,13,250.05
2014,Oklahoma,201,14,248.94
2014,Ole Miss,145,15,241.12
2014,Clemson,228,16,240.73
2014,Texas,251,17,239.85
2014,UCLA,26,18,239.74
2014,South Carolina,2579,19,239.33
2014,Michigan,130,20,233.54
2014,Oregon,2483,21,232.44
2014,Kentucky,96,22,225.40
2014,Arizona State,9,23,223.19
2014,Penn State,213,24,221.35
2014,Baylor,239,25,218.13
2014,Michigan State,127,26,217.62
2014,Oklahoma State,197,27,217.59
2014,Virginia Tech,259,28,217.39
2014,Arkansas,8,29,215.50
2014,North Carolina,153,30,213.58
2014,Arizona,12,31,213.29
2014,Wisconsin,275,32,205.44
2014,Virginia,258,33,205.34
2014,NC State,152,34,201.31
2014,Nebraska,158,35,200.24
2014,Mississippi State,344,36,199.92
2014,Missouri,142,37,198.53
2014,Washington,264,38,198.52
2014,West Virginia,277,39,194.85
2014,Texas Tech,2641,40,191.82
2014,Maryland,120,41,190.98
2014,South Florida,58,42,189.74
2014,TCU,2628,43,188.64
2014,Pittsburgh,221,44,187.66
2014,Louisville,97,45,183.64
2014,Vanderbilt,238,46,183.05
2014,Northwestern,77,47,182.68
2014,Indiana,84,48,180.46
2014,Kansas State,2306,49,178.29
2014,Kansas,2305,50,177.14
2014,Boston College,103,51,177.12
2014,Syracuse,183,52,176.87
2014,Washington State,265,53,176.62
2014,Georgia Tech,59,54,175.71
2014,California,25,55,174.52
2014,Rutgers,164,56,174.14
2014,Minnesota,135,57,172.32
2014,Iowa,2294,58,171.84
2014,Iowa State,66,59,171.65
2014,Oregon State,204,60,166.96
2014,Duke,150,61,166.35
2014,Marshall,276,62,165.64
2014,Boise State,68,63,163.09
2014,BYU,252,64,161.71
2014,Cincinnati,2132,65,161.43
2014,Utah,254,66,160.67
2014,Wake Forest,154,67,160.40
2014,UCF,2116,68,159.55
2014,Temple,218,69,156.27
2014,Purdue,2509,70,156.02
2014,Western Michigan,2711,71,153.42
2014,Illinois,356,72,153.35
2014,San Diego State,21,73,147.92
2014,Colorado,38,74,147.90
2014,Houston,248,75,144.26
2014,East Carolina,151,76,136.87
2014,Old Dominion,295,77,136.07
2014,Memphis,235,78,135.91
2014,Tulsa,202,79,130.30
2014,SMU,2567,80,128.23
2014,Nevada,2440,81,126.15
2014,Southern Mississippi,2572,82,125.74
2014,San José State,23,83,124.98
2014,Fresno State,278,84,124.42
2014,Middle Tennessee,2393,85,124.03
2014,Colorado State,36,86,122.77
2014,Appalachian State,2026,87,121.25
2014,Western Kentucky,98,88,121.12
2014,Louisiana Tech,2348,89,119.17
2014,Tulane,2655,90,118.86
2014,Rice,242,91,117.70
2014,Toledo,2649,92,115.38
2014,New Mexico,167,93,112.56
2014,Florida Atlantic,2226,94,111.77
2014,Arkansas State,2032,95,111.51
2014,Georgia Southern,290,96,111.25
2014,Texas State,326,97,109.90
2014,Northern Illinois,2459,98,109.52
2014,Hawai'i,62,99,108.34
2014,Buffalo,2084,100,108.06
2014,Ball State,2050,101,107.53
2014,Ohio,195,102,105.12
2014,North Texas,249,103,105.00
2014,Yale,43,104,103.87
2014,Georgia State,2247,105,102.91
2014,Bowling Green,189,106,102.64
2014,Louisiana,309,107,102.49
2014,Navy,2426,108,101.90
2014,Florida International,2229,109,100.66
2014,Connecticut,41,110,98.31
2014,Utah State,328,111,97.80
2014,Air Force,2005,112,97.78
2014,Akron,2006,113,97.33
2014,UAB,5,114,96.13
2014,South Alabama,6,115,96.08
2014,Central Michigan,2117,116,91.20
2014,UNLV,2439,117,91.15
2014,UTEP,2638,118,89.53
2014,Charlotte,2429,119,89.20
2014,UMass,113,120,87.90
2014,Army,349,121,87.22
2014,New Mexico State,166,122,86.79
2014,Kent State,2309,123,86.65
2014,Eastern Michigan,2199,124,84.89
2014,Miami (OH),193,125,84.76
2014,Louisiana Monroe,2433,126,84.48
2014,UT San Antonio,2636,127,81.73
2014,Wyoming,2751,128,80.87
2014,Idaho,70,129,77.86
2014,Illinois State,2287,130,75.99
2014,Chattanooga,236,131,69.28
2014,Troy,2653,132,64.21
2014,Portland State,2502,133,63.88
2014,Northern Arizona,2464,134,53.85
2014,Charleston Southern,2127,135,48.60
2014,Jacksonville State,55,136,47.91
2014,Albany,399,138,42.37
2014,Southern Illinois,79,139,41.96
2014,Harvard,108,140,41.25
2014,South Carolina State,2569,141,40.82
2014,North Dakota State,2449,142,36.88
2014,Stony Brook,2619,143,35.51
2014,Samford,2535,144,34.42
2014,Tennessee Tech,2635,145,32.99
2014,Kennesaw State,338,146,32.95
2014,Nicholls,2447,147,32.13
2014,Furman,231,148,30.83
2014,Princeton,163,149,30.57
2014,Indiana State,282,150,30.33
2014,Missouri State,2623,151,28.44
2014,UC Davis,302,152,27.34
2014,Tennessee State,2634,153,26.59
2014,Wofford,2747,154,26.57
2014,Murray State,93,155,25.60
2014,Austin Peay,2046,156,25.04
2014,Northern Iowa,2460,157,24.32
2014,Eastern Illinois,2197,158,24.03
2014,East Tennessee State,2193,159,23.78
2014,Mercer,2382,160,23.50
2014,Southeast Missouri State,2546,161,23.39
2014,Towson,119,162,21.77
2014,Bethune-Cookman,2065,163,20.62
2014,Northern Colorado,2458,164,20.55
2014,Delaware,48,165,20.34
2014,James Madison,256,166,20.20
2014,Alabama State,2011,167,20.09
2014,Coastal Carolina,324,168,19.95
2014,Monmouth,2405,169,19.29
2014,Richmond,257,170,19.26
2014,Fordham,2230,171,18.92
2014,Youngstown State,2754,173,18.81
2014,William & Mary,2729,174,18.18
2014,South Dakota State,2571,175,17.23
2014,Rhode Island,227,176,17.00
2014,The Citadel,2643,178,16.76
2014,Eastern Washington,331,179,16.52
2014,Lamar,2320,180,16.46
2014,Lafayette,322,181,15.94
2014,Central Arkansas,2110,182,15.73
2014,Western Illinois,2710,183,15.51
2014,Holy Cross,107,184,15.49
2014,Southeastern Louisiana,2545,185,14.95
2014,Savannah State,2542,187,14.24
2014,Jackson State,2296,188,14.23
2014,McNeese,2377,189,14.19
2014,Pennsylvania,219,190,13.96
2014,Sam Houston State,2534,193,13.29
2014,Idaho State,304,194,13.29
2014,Colgate,2142,195,13.26
2014,Eastern Kentucky,2198,196,13.24
2014,Grambling,2755,197,13.18
2014,Jacksonville,294,198,12.94
2014,Presbyterian College,2506,199,12.63
2014,Villanova,222,202,11.66
2014,New Hampshire,160,203,11.22
2014,UT Martin,2630,206,10.84
2014,Western Carolina,2717,208,10.50
2014,Northwestern State,2466,210,10.04
2014,Robert Morris,2523,211,9.95
2014,Delaware State,2169,212,9.86
2014,Houston Baptist,2277,213,9.34
2014,Hampton,2261,214,9.04
2014,Georgetown,46,216,8.93
2014,North Carolina Central,2428,217,8.89
2014,Cornell,172,218,8.82
2014,Norfolk State,2450,219,8.64
2014,Duquesne,2184,221,8.32
2014,Prairie View,2504,223,7.93
2014,Liberty,2335,224,7.63
2014,Lehigh,2329,225,7.43
2014,North Carolina A&T,2448,226,6.67
2014,Sacramento State,16,227,6.67
2014,Stephen F. Austin,2617,228,6.67
2014,Cal Poly,13,229,6.67
2014,Columbia,171,230,6.67
2014,Elon,2210,231,6.67
2014,Montana State,147,232,6.64
2014,South Dakota,233,233,6.64
2014,Maine,311,234,6.59
2014,Bucknell,2083,235,6.31
2014,Campbell,2097,236,5.95
2014,Howard,47,242,3.98
2014,Texas Southern,2640,245,1.97
2014,Marist,2368,279,-0.03
2014,St Francis (PA),2598,280,-0.03
2014,Wagner,2681,283,-0.03
2014,Southern,2582,286,-0.03
2014,Butler,2086,287,-0.03
2014,Florida A&M,50,295,-0.03
2014,North Dakota,155,300,-0.08
2014,VMI,2678,301,-0.09
2015,Alabama,333,1,311.10
2015,USC,30,2,310.88
2015,Florida State,52,3,287.06
2015,Tennessee,2633,4,286.26
2015,LSU,99,5,284.37
2015,Georgia,61,6,282.54
2015,Ohio State,194,7,279.60
2015,Auburn,2,8,278.31
2015,Clemson,228,9,277.98
2015,Texas,251,10,272.49
2015,Texas A&M,245,11,270.61
2015,UCLA,26,12,269.68
2015,Notre Dame,87,13,267.79
2015,Penn State,213,14,250.00
2015,Oklahoma,201,15,249.69
2015,Oregon,2483,16,245.79
2015,Ole Miss,145,17,245.71
2015,Mississippi State,344,18,237.46
2015,Arizona State,9,19,232.73
2015,South Carolina,2579,20,230.49
2015,Florida,57,21,227.46
2015,Arkansas,8,22,222.51
2015,Michigan State,127,23,221.77
2015,Stanford,24,24,220.65
2015,Missouri,142,25,217.98
2015,Washington,264,26,215.83
2015,Miami,2390,27,215.49
2015,North Carolina,153,28,214.05
2015,Virginia Tech,259,29,212.07
2015,Nebraska,158,30,211.72
2015,NC State,152,31,208.69
2015,Texas Tech,2641,32,203.18
2015,Louisville,97,33,201.40
2015,California,25,34,198.77
2015,West Virginia,277,35,198.02
2015,Baylor,239,36,195.88
2015,Michigan,130,37,194.82
2015,Kentucky,96,38,193.19
2015,TCU,2628,39,191.44
2015,Oklahoma State,197,40,191.28
2015,Wisconsin,275,41,189.85
2015,Washington State,265,42,188.41
2015,Arizona,12,43,186.57
2015,Georgia Tech,59,44,185.45
2015,Utah,254,45,183.38
2015,Pittsburgh,221,46,183.18
2015,Maryland,120,47,182.31
2015,Illinois,356,48,181.74
2015,Vanderbilt,238,49,181.37
2015,Virginia,258,50,179.92
2015,Wake Forest,154,51,176.85
2015,Duke,150,52,175.77
2015,Indiana,84,53,175.35
2015,Kansas State,2306,54,175.02
2015,Northwestern,77,55,174.83
2015,Rutgers,164,56,172.19
2015,Syracuse,183,57,172.06
2015,Boise State,68,58,171.68
2015,Iowa,2294,59,169.99
2015,Boston College,103,60,169.45
2015,Oregon State,204,61,167.89
2015,San José State,23,62,167.14
2015,Minnesota,135,63,167.01
2015,Iowa State,66,64,166.50
2015,BYU,252,65,165.06
2015,South Florida,58,66,163.15
2015,Purdue,2509,67,162.85
2015,Cincinnati,2132,68,162.45
2015,Colorado,38,69,162.04
2015,San Diego State,21,70,161.96
2015,UCF,2116,71,160.78
2015,Fresno State,278,72,155.02
2015,Kansas,2305,73,153.94
2015,Miami (OH),193,74,150.48
2015,Marshall,276,75,149.98
2015,Western Michigan,2711,76,147.78
2015,Memphis,235,77,146.79
2015,Louisiana,309,78,146.18
2015,Florida Atlantic,2226,79,146.02
2015,Temple,218,80,143.34
2015,SMU,2567,81,142.99
2015,Louisiana Tech,2348,82,142.32
2015,Northern Illinois,2459,83,138.94
2015,Toledo,2649,84,138.12
2015,Georgia Southern,290,85,137.18
2015,Middle Tennessee,2393,86,134.77
2015,Southern Mississippi,2572,87,133.40
2015,South Alabama,6,88,132.17
2015,Houston,248,89,131.58
2015,Arkansas State,2032,90,131.45
2015,Tulane,2655,91,128.90
2015,Ohio,195,92,128.68
2015,East Carolina,151,93,126.85
2015,North Texas,249,94,126.60
2015,Texas State,326,95,124.71
2015,Utah State,328,96,124.56
2015,Central Michigan,2117,97,123.63
2015,Nevada,2440,98,122.50
2015,Connecticut,41,99,120.89
2015,Florida International,2229,100,120.42
2015,Rice,242,101,120.11
2015,Kent State,2309,102,119.93
2015,UT San Antonio,2636,103,119.88
2015,Bowling Green,189,104,119.83
2015,Ball State,2050,105,119.70
2015,UNLV,2439,106,119.46
2015,UMass,113,107,118.12
2015,Louisiana Monroe,2433,108,116.67
2015,Tulsa,202,109,116.08
2015,Old Dominion,295,110,115.65
2015,Western Kentucky,98,111,115.65
2015,Navy,2426,112,114.70
2015,Wyoming,2751,113,114.32
2015,Appalachian State,2026,114,112.03
2015,Eastern Michigan,2199,115,110.15
2015,New Mexico,167,116,110.03
2015,Troy,2653,117,107.58
2015,Buffalo,2084,118,103.21
2015,Colorado State,36,119,101.72
2015,Army,349,120,100.83
2015,Idaho,70,121,98.54
2015,Hawai'i,62,122,98.16
2015,Air Force,2005,123,98.02
2015,Georgia State,2247,124,90.61
2015,New Mexico State,166,125,87.78
2015,Charlotte,2429,126,86.91
2015,Akron,2006,127,82.38
2015,UTEP,2638,128,73.03
2015,Harvard,108,129,67.37
2015,Northern Arizona,2464,130,65.76
2015,Chattanooga,236,131,63.37
2015,North Dakota State,2449,132,63.16
2015,Jacksonville State,55,133,59.00
2015,Towson,119,134,47.49
2015,James Madison,256,135,46.41
2015,Yale,43,136,45.08
2015,Western Carolina,2717,137,43.67
2015,Stephen F. Austin,2617,138,41.30
2015,UT Martin,2630,139,39.72
2015,UC Davis,302,140,39.45
2015,Northern Iowa,2460,141,39.11
2015,Liberty,2335,142,38.13
2015,Samford,2535,143,37.80
2015,South Dakota,233,145,37.56
2015,Southern Illinois,79,146,37.12
2015,Montana,149,147,37.09
2015,Southeast Missouri State,2546,148,36.75
2015,South Carolina State,2569,149,36.33
2015,Lafayette,322,150,35.89
2015,Weber State,2692,151,35.75
2015,Princeton,163,152,35.28
2015,Austin Peay,2046,153,35.12
2015,Monmouth,2405,154,35.02
2015,Cal Poly,13,155,34.98
2015,Villanova,222,156,34.10
2015,William & Mary,2729,157,33.75
2015,South Dakota State,2571,158,33.71
2015,Florida A&M,50,159,32.93
2015,Furman,231,160,32.92
2015,Duquesne,2184,161,32.39
2015,Delaware,48,162,32.38
2015,Illinois State,2287,163,32.28
2015,East Tennessee State,2193,164,31.28
2015,Alcorn State,2016,165,30.60
2015,The Citadel,2643,166,30.40
2015,Wofford,2747,167,30.13
2015,Sam Houston State,2534,168,29.96
2015,Western Illinois,2710,169,28.88
2015,Bethune-Cookman,2065,170,26.73
2015,Coastal Carolina,324,171,26.71
2015,Dartmouth,159,172,26.36
2015,Colgate,2142,173,26.17
2015,Rhode Island,227,174,25.89
2015,Southeastern Louisiana,2545,175,24.51
2015,Mercer,2382,176,23.29
2015,Northwestern State,2466,177,22.92
2015,North Dakota,155,178,22.25
2015,Eastern Washington,331,179,22.02
2015,Texas Southern,2640,180,21.52
2015,Lehigh,2329,182,21.25
2015,Youngstown State,2754,183,21.21
2015,Central Arkansas,2110,184,21.06
2015,Indiana State,282,185,19.63
2015,Tennessee Tech,2635,186,19.23
2015,Prairie View,2504,187,18.14
2015,Presbyterian College,2506,188,16.93
2015,Gardner-Webb,2241,189,16.80
2015,New Hampshire,160,190,16.61
2015,Kennesaw State,338,193,15.83
2015,Richmond,257,195,15.69
2015,St Francis (PA),2598,196,15.51
2015,Robert Morris,2523,197,14.96
2015,Cornell,172,198,13.69
2015,Marist,2368,199,13.67
2015,Northern Colorado,2458,201,13.33
2015,Portland State,2502,202,13.29
2015,Holy Cross,107,203,13.29
2015,Hampton,2261,204,12.87
2015,Grand Valley State,125,205,12.20
2015,Bucknell,2083,207,11.95
2015,North Carolina Central,2428,208,11.23
2015,Charleston Southern,2127,209,11.13
2015,Elon,2210,210,11.06
2015,Eastern Kentucky,2198,211,11.01
2015,McNeese,2377,213,10.93
2015,Valparaiso,2674,214,10.32
2015,Missouri State,2623,215,10.00
2015,Alabama State,2011,216,9.97
2015,Jackson State,2296,218,9.56
2015,Columbia,171,219,9.46
2015,Murray State,93,220,9.32
2015,Maine,311,223,8.86
2015,Idaho State,304,224,8.57
2015,Norfolk State,2450,225,7.98
2015,Montana State,147,226,7.98
2015,Stony Brook,2619,227,7.82
2015,Tennessee State,2634,228,7.57
2015,Georgetown,46,229,6.92
2015,Butler,2086,230,6.67
2015,Sacramento State,16,231,6.67
2015,Lamar,2320,233,6.31
2015,Southern Utah,253,234,5.98
2015,Fordham,2230,235,5.00
2015,Delaware State,2169,236,4.98
2015,Mississippi Valley State,2400,238,3.30
2015,Savannah State,2542,263,0.00
2015,UAB,5,264,0.00
2015,Jacksonville,294,265,-0.03
2015,Morgan State,2415,266,-0.03
2015,North Carolina A&T,2448,267,-0.03
2015,Albany,399,268,-0.06
2016,Alabama,333,1,302.04
2016,LSU,99,2,295.03
2016,Florida State,52,3,294.83
2016,Ohio State,194,4,289.12
2016,Ole Miss,145,5,281.69
2016,Georgia,61,6,281.31
2016,Texas,251,7,280.66
2016,Michigan,130,8,280.38
2016,Auburn,2,9,275.14
2016,USC,30,10,273.71
2016,Clemson,228,11,271.16
2016,Florida,57,12,260.96
2016,UCLA,26,13,259.06
2016,Tennessee,2633,14,253.94
2016,Notre Dame,87,15,249.43
2016,Stanford,24,16,245.82
2016,Michigan State,127,17,239.13
2016,Texas A&M,245,18,238.94
2016,Oklahoma,201,19,238.73
2016,Penn State,213,20,237.79
2016,TCU,2628,21,235.79
2016,Miami,2390,22,231.78
2016,Arkansas,8,23,219.34
2016,Arizona State,9,24,217.62
2016,South Carolina,2579,25,216.77
2016,Nebraska,158,26,216.76
2016,Oregon,2483,27,216.42
2016,Mississippi State,344,28,211.11
2016,Washington,264,29,209.87
2016,Pittsburgh,221,30,209.23
2016,California,25,31,207.80
2016,North Carolina,153,32,204.83
2016,Duke,150,33,204.67
2016,Kentucky,96,34,204.07
2016,Wisconsin,275,35,202.85
2016,Houston,248,36,201.50
2016,Utah,254,37,200.66
2016,Louisville,97,38,196.02
2016,West Virginia,277,39,194.45
2016,Baylor,239,40,191.99
2016,Maryland,120,41,190.15
2016,Virginia Tech,259,42,190.06
2016,Missouri,142,43,188.37
2016,Texas Tech,2641,44,184.64
2016,Oklahoma State,197,45,184.33
2016,Minnesota,135,46,182.22
2016,Iowa,2294,47,181.39
2016,Arizona,12,48,180.42
2016,BYU,252,49,177.85
2016,NC State,152,50,177.67
2016,Marshall,276,51,176.55
2016,Northwestern,77,52,174.91
2016,Indiana,84,53,172.23
2016,Vanderbilt,238,54,171.54
2016,Iowa State,66,55,170.58
2016,Washington State,265,56,169.74
2016,Wake Forest,154,57,169.40
2016,Oregon State,204,58,169.17
2016,Temple,218,59,167.55
2016,Georgia Tech,59,60,167.13
2016,Memphis,235,61,165.98
2016,Syracuse,183,62,165.15
2016,Virginia,258,63,164.95
2016,Rutgers,164,64,163.80
2016,UCF,2116,65,162.22
2016,South Florida,58,66,161.21
2016,Western Michigan,2711,67,160.72
2016,Boise State,68,68,160.66
2016,Colorado,38,69,160.42
2016,Kansas,2305,70,159.19
2016,UAB,5,71,158.61
2016,Kansas State,2306,72,155.49
2016,Illinois,356,73,153.64
2016,Cincinnati,2132,74,152.74
2016,SMU,2567,75,152.27
2016,Colorado State,36,76,150.50
2016,Georgia Southern,290,77,149.40
2016,Boston College,103,78,146.69
2016,East Carolina,151,79,146.62
2016,Purdue,2509,80,145.09
2016,UNLV,2439,81,142.78
2016,San Diego State,21,82,141.93
2016,New Mexico,167,83,141.76
2016,San José State,23,84,137.84
2016,Fresno State,278,85,137.22
2016,UMass,113,86,136.04
2016,South Alabama,6,87,134.08
2016,Toledo,2649,88,132.92
2016,Florida Atlantic,2226,89,132.74
2016,Arkansas State,2032,90,132.18
2016,Navy,2426,91,132.07
2016,Utah State,328,92,130.65
2016,Miami (OH),193,93,129.79
2016,Louisiana Tech,2348,94,128.91
2016,Tulsa,202,95,128.52
2016,Middle Tennessee,2393,96,128.26
2016,Tulane,2655,97,127.78
2016,Troy,2653,98,127.73
2016,Connecticut,41,99,126.83
2016,Southern Mississippi,2572,100,126.05
2016,Western Kentucky,98,101,124.10
2016,North Texas,249,102,122.36
2016,UT San Antonio,2636,103,120.32
2016,Florida International,2229,104,119.80
2016,Nevada,2440,105,118.76
2016,Louisiana,309,106,115.83
2016,Central Michigan,2117,107,112.52
2016,Hawai'i,62,108,111.87
2016,Appalachian State,2026,109,111.72
2016,Texas State,326,110,111.71
2016,Bowling Green,189,111,111.58
2016,Northern Illinois,2459,112,111.40
2016,Ball State,2050,113,110.91
2016,Air Force,2005,114,110.90
2016,Ohio,195,115,109.82
2016,Wyoming,2751,116,109.65
2016,Army,349,117,108.90
2016,Buffalo,2084,118,107.51
2016,Charlotte,2429,119,106.83
2016,Old Dominion,295,120,106.63
2016,Eastern Michigan,2199,121,102.89
2016,Yale,43,122,102.29
2016,Idaho,70,123,101.42
2016,Louisiana Monroe,2433,124,99.51
2016,UTEP,2638,125,99.39
2016,Coastal Carolina,324,126,97.11
2016,Georgia State,2247,127,96.32
2016,New Mexico State,166,128,94.49
2016,Rice,242,129,93.86
2016,Columbia,171,130,90.67
2016,Kent State,2309,131,82.77
2016,Akron,2006,132,82.29
2016,Tennessee State,2634,133,81.09
2016,Stephen F. Austin,2617,134,79.35
2016,Lamar,2320,135,79.32
2016,North Dakota State,2449,136,77.25
2016,Montana,149,137,75.88
2016,Northern Arizona,2464,138,75.01
2016,Harvard,108,139,74.84
2016,Sam Houston State,2534,140,69.30
2016,UC Davis,302,141,69.20
2016,Northern Iowa,2460,142,68.30
2016,Austin Peay,2046,144,67.88
2016,Eastern Washington,331,145,64.63
2016,Samford,2535,146,64.62
2016,Florida A&M,50,147,63.31
2016,Central Arkansas,2110,148,62.30
2016,South Dakota State,2571,149,61.31
2016,Grand Valley State,125,150,60.25
2016,Jacksonville State,55,151,58.06
2016,Richmond,257,152,57.89
2016,Northern Colorado,2458,153,56.31
2016,Eastern Kentucky,2198,154,56.10
2016,Bethune-Cookman,2065,155,56.07
2016,James Madison,256,156,55.72
2016,Southeast Missouri State,2546,157,55.17
2016,Pennsylvania,219,158,53.42
2016,South Dakota,233,159,49.75
2016,Tennessee Tech,2635,160,49.02
2016,Weber State,2692,161,48.18
2016,Western Carolina,2717,162,47.73
2016,McNeese,2377,163,46.78
2016,Wofford,2747,164,46.72
2016,Montana State,147,165,46.61
2016,Youngstown State,2754,166,46.34
2016,Portland State,2502,167,46.18
2016,Rhode Island,227,168,46.14
2016,Idaho State,304,169,45.42
2016,Furman,231,170,45.22
2016,Murray State,93,171,42.71
2016,Dartmouth,159,172,42.51
2016,Princeton,163,173,42.21
2016,Nicholls,2447,174,41.98
2016,Southeastern Louisiana,2545,175,40.99
2016,Indiana State,282,176,39.37
2016,Southern Utah,253,177,38.01
2016,Lehigh,2329,178,37.73
2016,Towson,119,179,37.47
2016,Liberty,2335,180,35.65
2016,Northwestern State,2466,181,35.30
2016,Illinois State,2287,182,34.92
2016,Chattanooga,236,183,34.03
2016,Delaware,48,184,32.74
2016,Jackson State,2296,185,31.80
2016,Villanova,222,186,30.97
2016,Mercer,2382,187,29.96
2016,Prairie View,2504,188,29.53
2016,Cal Poly,13,189,29.43
2016,Gardner-Webb,2241,190,29.25
2016,William & Mary,2729,191,27.71
2016,South Carolina State,2569,192,27.65
2016,Missouri State,2623,193,27.34
2016,Southern,2582,194,26.44
2016,Alabama State,2011,195,26.02
2016,Alcorn State,2016,196,25.55
2016,Stony Brook,2619,197,25.36
2016,Albany,399,198,25.30
2016,Eastern Illinois,2197,199,25.15
2016,North Carolina Central,2428,200,24.82
2016,Charleston Southern,2127,201,24.29
2016,Savannah State,2542,202,24.24
2016,North Dakota,155,203,21.96
2016,Robert Morris,2523,204,21.06
2016,San Diego,301,205,20.91
2016,VMI,2678,206,20.11
2016,Kennesaw State,338,207,20.00
2016,Georgetown,46,208,19.96
2016,Delaware State,2169,209,19.92
2016,Bucknell,2083,210,19.13
2016,Fordham,2230,211,19.12
2016,Holy Cross,107,213,18.82
2016,Presbyterian College,2506,215,17.72
2016,Norfolk State,2450,216,16.68
2016,Southern Illinois,79,217,16.63
2016,Hampton,2261,218,15.61
2016,Elon,2210,219,15.61
2016,Morehead State,2413,220,15.51
2016,Colgate,2142,221,15.51
2016,New Hampshire,160,222,14.63
2016,North Carolina A&T,2448,223,14.61
2016,Lafayette,322,224,14.44
2016,Sacred Heart,2529,231,12.50
2016,Cornell,172,232,12.21
2016,UT Martin,2630,233,11.94
2016,Western Illinois,2710,234,11.29
2016,Brown,225,236,10.69
2016,Houston Baptist,2277,239,9.95
2016,Monmouth,2405,241,8.82
2016,Alabama A&M,2010,242,8.42
2016,The Citadel,2643,243,7.67
2016,Campbell,2097,244,6.67
2016,Morgan State,2415,246,6.67
2016,Texas Southern,2640,248,6.67
2016,Central Connecticut,2115,256,6.67
2016,Drake,2181,259,5.31
2016,Wagner,2681,261,0.00
2016,Howard,47,285,-0.03
2016,Maine,311,286,-0.11
2017,Alabama,333,1,323.87
2017,Ohio State,194,2,312.14
2017,Georgia,61,3,301.60
2017,USC,30,4,297.10
2017,Michigan,130,5,296.03
2017,Florida State,52,6,292.88
2017,LSU,99,7,287.66
2017,Oklahoma,201,8,270.79
2017,Auburn,2,9,255.92
2017,Notre Dame,87,10,251.32
2017,Florida,57,11,251.23
2017,Miami,2390,12,248.67
2017,Texas A&M,245,13,248.58
2017,Stanford,24,14,246.79
2017,Penn State,213,15,240.47
2017,Clemson,228,16,238.91
2017,Tennessee,2633,17,237.21
2017,Maryland,120,18,230.17
2017,Oregon,2483,19,230.04
2017,UCLA,26,20,229.13
2017,South Carolina,2579,21,227.58
2017,Washington,264,22,224.74
2017,Nebraska,158,23,224.33
2017,Mississippi State,344,24,220.22
2017,Texas,251,25,217.76
2017,Virginia Tech,259,26,217.74
2017,Arkansas,8,27,212.74
2017,TCU,2628,28,210.03
2017,North Carolina,153,29,207.81
2017,Kentucky,96,30,207.73
2017,Ole Miss,145,31,207.63
2017,Arizona State,9,32,206.68
2017,Utah,254,33,205.78
2017,Louisville,97,34,205.15
2017,Colorado,38,35,203.78
2017,Michigan State,127,36,203.65
2017,Pittsburgh,221,37,202.12
2017,Oklahoma State,197,38,194.18
2017,Wisconsin,275,39,193.87
2017,Baylor,239,40,193.36
2017,Iowa,2294,41,191.44
2017,Rutgers,164,42,189.01
2017,Missouri,142,43,187.71
2017,Washington State,265,44,186.45
2017,Arizona,12,45,185.88
2017,Illinois,356,46,185.24
2017,Duke,150,47,184.46
2017,Georgia Tech,59,48,184.40
2017,Texas Tech,2641,49,183.07
2017,Northwestern,77,50,182.07
2017,Oregon State,204,51,181.32
2017,Iowa State,66,52,180.53
2017,NC State,152,53,180.46
2017,Syracuse,183,54,180.08
2017,UCF,2116,55,178.34
2017,Memphis,235,56,177.60
2017,West Virginia,277,57,174.68
2017,Virginia,258,58,172.50
2017,Minnesota,135,59,171.42
2017,Florida Atlantic,2226,60,171.18
2017,Kansas State,2306,61,169.37
2017,Indiana,84,62,167.99
2017,Cincinnati,2132,63,167.80
2017,Boise State,68,64,167.43
2017,Vanderbilt,238,65,167.42
2017,BYU,252,66,167.37
2017,Boston College,103,67,162.61
2017,Wake Forest,154,68,161.99
2017,Houston,248,69,160.34
2017,California,25,70,159.53
2017,Kansas,2305,71,159.35
2017,Purdue,2509,72,158.89
2017,Colorado State,36,73,158.09
2017,Southern Mississippi,2572,74,152.71
2017,UT San Antonio,2636,75,151.48
2017,South Florida,58,76,150.65
2017,San Diego State,21,77,149.69
2017,Toledo,2649,78,146.60
2017,East Carolina,151,79,144.55
2017,SMU,2567,80,140.40
2017,Bowling Green,189,81,138.14
2017,Western Kentucky,98,82,138.03
2017,Florida International,2229,83,137.75
2017,Fresno State,278,84,137.74
2017,Tulsa,202,85,135.07
2017,Hawai'i,62,86,133.96
2017,Marshall,276,87,132.84
2017,Navy,2426,88,131.73
2017,Western Michigan,2711,89,129.94
2017,Ball State,2050,90,128.80
2017,Middle Tennessee,2393,91,128.10
2017,Texas State,326,92,127.89
2017,Central Michigan,2117,93,127.40
2017,Miami (OH),193,94,126.73
2017,Nevada,2440,95,125.03
2017,Troy,2653,96,123.90
2017,Northern Illinois,2459,97,122.74
2017,San José State,23,98,122.11
2017,Wyoming,2751,99,122.05
2017,Louisiana Tech,2348,100,121.72
2017,Connecticut,41,101,121.64
2017,Louisiana Monroe,2433,102,121.55
2017,Ohio,195,103,120.83
2017,Utah State,328,104,120.00
2017,Georgia State,2247,105,119.23
2017,Georgia Southern,290,106,118.78
2017,Appalachian State,2026,107,116.78
2017,UAB,5,108,115.95
2017,Air Force,2005,109,115.88
2017,UMass,113,110,115.82
2017,Arkansas State,2032,111,114.91
2017,Tulane,2655,112,114.66
2017,Buffalo,2084,113,112.97
2017,Charlotte,2429,114,111.82
2017,North Texas,249,115,111.16
2017,South Alabama,6,116,110.24
2017,UNLV,2439,117,109.90
2017,New Mexico,167,118,109.85
2017,Temple,218,119,108.13
2017,Army,349,120,106.37
2017,Louisiana,309,121,104.33
2017,Rice,242,122,101.12
2017,Eastern Michigan,2199,123,100.97
2017,Old Dominion,295,124,99.41
2017,Harvard,108,125,99.16
2017,Coastal Carolina,324,126,96.51
2017,Yale,43,127,95.54
2017,Kent State,2309,128,94.88
2017,New Mexico State,166,129,94.57
2017,Eastern Washington,331,130,92.82
2017,Akron,2006,131,88.91
2017,Austin Peay,2046,132,88.84
2017,UTEP,2638,133,85.51
2017,Idaho,70,134,83.36
2017,North Dakota State,2449,135,82.65
2017,Grand Valley State,125,136,79.98
2017,Southern Illinois,79,137,79.79
2017,Mercer,2382,138,79.49
2017,Pennsylvania,219,139,79.22
2017,Northern Arizona,2464,140,77.63
2017,Villanova,222,141,73.85
2017,Eastern Kentucky,2198,142,73.32
2017,Montana State,147,143,71.96
2017,South Dakota State,2571,144,70.87
2017,Sam Houston State,2534,145,69.78
2017,South Dakota,233,146,69.54
2017,James Madison,256,147,67.71
2017,Jacksonville State,55,148,66.06
2017,Weber State,2692,149,64.24
2017,Chattanooga,236,151,60.61
2017,Delaware,48,152,58.54
2017,Stephen F. Austin,2617,153,56.96
2017,Southern Utah,253,154,56.45
2017,Princeton,163,155,56.04
2017,Illinois State,2287,156,54.55
2017,UC Davis,302,157,54.27
2017,North Dakota,155,158,53.96
2017,Stony Brook,2619,159,51.96
2017,Kennesaw State,338,160,51.87
2017,Texas Southern,2640,161,51.76
2017,Savannah State,2542,162,49.86
2017,UT Martin,2630,163,49.44
2017,Montana,149,164,48.96
2017,Northern Colorado,2458,165,47.94
2017,Lamar,2320,166,47.23
2017,Columbia,171,167,43.63
2017,Monmouth,2405,168,40.88
2017,Tennessee State,2634,169,40.82
2017,Lafayette,322,170,40.25
2017,Liberty,2335,171,40.17
2017,William & Mary,2729,172,39.61
2017,Portland State,2502,173,37.83
2017,Brown,225,174,37.71
2017,Western Illinois,2710,176,36.02
2017,Dartmouth,159,177,35.05
2017,Houston Baptist,2277,178,34.26
2017,Southeast Missouri State,2546,179,33.67
2017,Prairie View,2504,180,33.37
2017,Cornell,172,181,32.15
2017,Missouri State,2623,182,32.02
2017,Sacramento State,16,183,31.33
2017,McNeese,2377,184,31.02
2017,Holy Cross,107,185,30.54
2017,Tennessee Tech,2635,186,30.13
2017,The Citadel,2643,187,29.98
2017,Jackson State,2296,188,28.73
2017,Western Carolina,2717,189,28.39
2017,East Tennessee State,2193,190,27.81
2017,Howard,47,191,27.75
2017,Northern Iowa,2460,192,26.77
2017,North Carolina Central,2428,193,26.67
2017,Alcorn State,2016,195,25.22
2017,Fordham,2230,196,24.95
2017,Indiana State,282,197,24.61
2017,Lehigh,2329,198,24.26
2017,Youngstown State,2754,199,24.07
2017,Richmond,257,200,22.70
2017,Alabama A&M,2010,201,21.83
2017,Northwestern State,2466,202,21.78
2017,Samford,2535,203,21.72
2017,Albany,399,204,20.40
2017,Towson,119,205,18.50
2017,Florida A&M,50,206,18.09
2017,Wofford,2747,207,17.50
2017,Morgan State,2415,209,15.74
2017,Charleston Southern,2127,210,15.53
2017,Stetson,56,211,15.21
2017,St Francis (PA),2598,212,14.94
2017,Cal Poly,13,213,14.46
2017,New Hampshire,160,215,13.60
2017,Southern,2582,218,12.97
2017,Furman,231,219,12.60
2017,Delaware State,2169,221,11.65
2017,Campbell,2097,222,11.39
2017,Murray State,93,223,10.99
2017,Dayton,2168,224,10.68
2017,Maine,311,226,10.24
2017,Colgate,2142,227,10.05
2017,South Carolina State,2569,228,9.98
2017,Southeastern Louisiana,2545,232,9.03
2017,Idaho State,304,234,8.17
2017,Bethune-Cookman,2065,235,7.76
2017,Central Arkansas,2110,236,7.63
2017,VMI,2678,238,6.81
2017,Eastern Illinois,2197,242,6.67
2017,Marist,2368,243,6.67
2017,Elon,2210,245,6.67
2017,San Diego,301,246,6.67
2017,Nicholls,2447,249,6.67
2017,Sacred Heart,2529,251,5.92
2017,Morehead State,2413,252,5.81
2017,North Carolina A&T,2448,256,2.97
2017,Gardner-Webb,2241,257,1.97
2018,Georgia,61,1,323.31
2018,Ohio State,194,2,317.06
2018,Texas,251,3,300.06
2018,USC,30,4,291.20
2018,Alabama,333,5,289.94
2018,Penn State,213,6,285.92
2018,Clemson,228,7,283.67
2018,Miami,2390,8,280.87
2018,Oklahoma,201,9,276.62
2018,Notre Dame,87,10,268.86
2018,Florida State,52,11,265.42
2018,Auburn,2,12,262.77
2018,Oregon,2483,13,260.22
2018,Florida,57,14,259.56
2018,LSU,99,15,254.38
2018,Washington,264,16,253.23
2018,Texas A&M,245,17,251.20
2018,South Carolina,2579,18,242.04
2018,UCLA,26,19,237.77
2018,North Carolina,153,20,232.27
2018,Tennessee,2633,21,231.34
2018,Michigan,130,22,230.56
2018,Nebraska,158,23,227.95
2018,Virginia Tech,259,24,226.01
2018,TCU,2628,25,224.13
2018,NC State,152,26,220.57
2018,Mississippi State,344,27,218.47
2018,Maryland,120,28,218.34
2018,Baylor,239,29,215.02
2018,Louisville,97,30,213.58
2018,Michigan State,127,31,212.21
2018,Ole Miss,145,32,211.49
2018,Utah,254,33,209.95
2018,Oklahoma State,197,34,209.93
2018,West Virginia,277,35,208.32
2018,Arizona State,9,36,207.26
2018,Kentucky,96,37,206.91
2018,Minnesota,135,38,206.66
2018,Iowa,2294,39,203.34
2018,Stanford,24,40,202.29
2018,Vanderbilt,238,41,202.04
2018,California,25,42,197.41
2018,Missouri,142,43,197.38
2018,Georgia Tech,59,44,196.94
2018,Wisconsin,275,45,195.04
2018,Washington State,265,46,194.84
2018,Pittsburgh,221,47,193.19
2018,Cincinnati,2132,48,192.64
2018,Arkansas,8,49,192.11
2018,Indiana,84,50,190.77
2018,Syracuse,183,51,189.14
2018,Purdue,2509,52,188.31
2018,Colorado,38,53,187.11
2018,Illinois,356,54,185.83
2018,Iowa State,66,55,185.19
2018,Rutgers,164,56,184.28
2018,Boise State,68,57,183.46
2018,Northwestern,77,58,180.18
2018,Virginia,258,59,178.60
2018,Kansas,2305,60,178.59
2018,Arizona,12,61,178.03
2018,UCF,2116,62,177.05
2018,Duke,150,63,176.85
2018,Wake Forest,154,64,176.31
2018,South Florida,58,65,176.25
2018,Kansas State,2306,66,175.65
2018,Toledo,2649,67,174.00
2018,Tulane,2655,68,173.75
2018,Florida International,2229,69,173.58
2018,Oregon State,204,70,173.14
2018,Boston College,103,71,172.47
2018,Texas Tech,2641,72,169.87
2018,Houston,248,73,166.86
2018,Marshall,276,74,165.85
2018,Florida Atlantic,2226,75,163.90
2018,Western Michigan,2711,76,163.69
2018,Louisiana Tech,2348,77,162.18
2018,BYU,252,78,160.52
2018,San Diego State,21,79,159.56
2018,Southern Mississippi,2572,80,157.89
2018,Memphis,235,81,157.28
2018,Nevada,2440,82,155.96
2018,Temple,218,83,155.39
2018,Western Kentucky,98,84,154.77
2018,UT San Antonio,2636,85,152.98
2018,Colorado State,36,86,152.79
2018,SMU,2567,87,151.67
2018,Arkansas State,2032,88,148.03
2018,East Carolina,151,89,147.43
2018,Georgia Southern,290,90,146.64
2018,Bowling Green,189,91,144.03
2018,Fresno State,278,92,141.73
2018,Northern Illinois,2459,93,141.69
2018,San José State,23,94,140.86
2018,Georgia State,2247,95,140.45
2018,Hawai'i,62,96,138.46
2018,Tulsa,202,97,137.25
2018,Troy,2653,98,136.65
2018,UNLV,2439,99,131.08
2018,Kent State,2309,100,127.72
2018,North Texas,249,101,127.14
2018,Connecticut,41,102,125.87
2018,UAB,5,103,125.49
2018,Middle Tennessee,2393,104,125.31
2018,Louisiana,309,105,124.91
2018,Navy,2426,106,124.71
2018,Texas State,326,107,124.24
2018,UMass,113,108,123.66
2018,Utah State,328,109,123.61
2018,Eastern Michigan,2199,110,121.54
2018,Charlotte,2429,111,120.43
2018,Rice,242,112,120.42
2018,Appalachian State,2026,113,120.20
2018,Coastal Carolina,324,114,120.13
2018,South Alabama,6,115,120.03
2018,Princeton,163,116,119.03
2018,Army,349,117,118.69
2018,Louisiana Monroe,2433,118,116.57
2018,Ball State,2050,119,115.57
2018,Central Michigan,2117,120,111.22
2018,Ohio,195,121,110.94
2018,Air Force,2005,122,110.51
2018,Yale,43,123,110.50
2018,New Mexico,167,124,110.31
2018,New Mexico State,166,125,109.30
2018,Wyoming,2751,126,109.14
2018,Akron,2006,127,108.81
2018,Old Dominion,295,128,108.27
2018,UTEP,2638,129,105.24
2018,Miami (OH),193,130,103.16
2018,Montana State,147,131,95.13
2018,Idaho,70,132,90.20
2018,Austin Peay,2046,133,88.36
2018,North Dakota State,2449,134,86.92
2018,Harvard,108,135,82.06
2018,Buffalo,2084,136,81.31
2018,Liberty,2335,137,80.33
2018,Mercer,2382,138,80.23
2018,Chattanooga,236,139,80.04
2018,Eastern Washington,331,140,75.03
2018,Eastern Kentucky,2198,141,73.04
2018,Jacksonville State,55,142,72.90
2018,Southern Illinois,79,143,69.52
2018,Tennessee Tech,2635,144,60.57
2018,UT Martin,2630,145,58.52
2018,Pennsylvania,219,146,57.03
2018,Kennesaw State,338,147,52.74
2018,Stephen F. Austin,2617,148,50.86
2018,Grambling,2755,149,44.91
2018,Southern Utah,253,150,44.53
2018,Columbia,171,151,42.38
2018,Lamar,2320,152,41.65
2018,UC Davis,302,153,39.09
2018,Alcorn State,2016,154,38.00
2018,Central Arkansas,2110,155,37.36
2018,Howard,47,156,34.71
2018,Tennessee State,2634,157,34.68
2018,Furman,231,158,34.46
2018,Sacramento State,16,159,33.19
2018,Weber State,2692,160,31.50
2018,Stony Brook,2619,161,31.48
2018,Montana,149,162,30.84
2018,Illinois State,2287,163,30.70
2018,North Dakota,155,164,30.23
2018,Western Carolina,2717,165,28.54
2018,Murray State,93,166,28.30
2018,Fordham,2230,168,27.25
2018,Grand Valley State,125,169,27.19
2018,James Madison,256,171,26.73
2018,Dartmouth,159,172,25.43
2018,Sam Houston State,2534,173,25.16
2018,Youngstown State,2754,174,25.11
2018,The Citadel,2643,175,24.53
2018,Houston Baptist,2277,176,24.06
2018,Gardner-Webb,2241,177,23.20
2018,Prairie View,2504,178,22.85
2018,Idaho State,304,179,21.73
2018,Lafayette,322,180,20.12
2018,Sacred Heart,2529,182,19.08
2018,Missouri State,2623,183,17.93
2018,South Dakota,233,184,17.69
2018,Campbell,2097,185,17.51
2018,Western Illinois,2710,186,16.91
2018,Villanova,222,187,16.91
2018,Bethune-Cookman,2065,188,16.91
2018,Northern Iowa,2460,189,16.88
2018,Portland State,2502,190,16.74
2018,Duquesne,2184,191,16.59
2018,Texas Southern,2640,192,16.30
2018,Holy Cross,107,193,16.26
2018,Alabama State,2011,194,15.57
2018,Samford,2535,195,15.40
2018,Charleston Southern,2127,196,15.00
2018,Northwestern State,2466,197,14.69
2018,Northern Arizona,2464,198,14.61
2018,McNeese,2377,199,14.46
2018,North Carolina A&T,2448,200,14.16
2018,Rhode Island,227,203,12.15
2018,Lehigh,2329,204,11.91
2018,Elon,2210,206,11.15
2018,Butler,2086,207,11.15
2018,William & Mary,2729,208,11.15
2018,Southeastern Louisiana,2545,209,11.11
2018,Towson,119,210,10.92
2018,Savannah State,2542,211,10.04
2018,Mississippi Valley State,2400,213,9.53
2018,Florida A&M,50,214,9.03
2018,Morgan State,2415,215,8.95
2018,Wofford,2747,217,8.91
2018,Jacksonville,294,218,8.89
2018,East Tennessee State,2193,219,8.53
2018,Richmond,257,221,8.42
2018,Southeast Missouri State,2546,222,8.02
2018,Monmouth,2405,223,7.98
2018,New Hampshire,160,224,7.98
2018,Delaware,48,225,7.98
2018,Alabama A&M,2010,226,7.98
2018,VMI,2678,227,7.98
2018,Colgate,2142,229,6.98
2018,Brown,225,232,6.41
2018,Cal Poly,13,233,5.97
2018,Morehead State,2413,235,5.80
2018,South Dakota State,2571,237,4.97
2018,Wagner,2681,238,4.97
2018,Indiana State,282,239,4.93
2018,Eastern Illinois,2197,240,3.97
2018,South Carolina State,2569,241,3.97
2018,Drake,2181,245,0.97
2018,Cornell,172,278,-0.04
2019,Alabama,333,1,317.50
2019,Georgia,61,2,309.12
2019,Texas,251,3,287.69
2019,Texas A&M,245,4,285.46
2019,LSU,99,5,284.06
2019,Oklahoma,201,6,279.28
2019,Oregon,2483,7,277.98
2019,Michigan,130,8,277.15
2019,Florida,57,9,276.85
2019,Clemson,228,10,275.55
2019,Auburn,2,11,271.94
2019,Penn State,213,12,270.67
2019,Tennessee,2633,13,269.07
2019,Ohio State,194,14,261.18
2019,Washington,264,15,259.19
2019,Notre Dame,87,16,258.56
2019,South Carolina,2579,17,247.26
2019,Nebraska,158,18,245.10
2019,Florida State,52,19,244.31
2019,USC,30,20,243.51
2019,Stanford,24,21,242.58
2019,Ole Miss,145,22,238.11
2019,Arkansas,8,23,237.17
2019,Mississippi State,344,24,236.60
2019,Purdue,2509,25,224.72
2019,Virginia Tech,259,26,224.01
2019,Miami,2390,27,222.07
2019,Arizona State,9,28,219.76
2019,Wisconsin,275,29,219.51
2019,North Carolina,153,30,218.57
2019,NC State,152,31,217.29
2019,Michigan State,127,32,215.21
2019,TCU,2628,33,210.62
2019,Kentucky,96,34,203.49
2019,Baylor,239,35,203.39
2019,Indiana,84,36,202.63
2019,Missouri,142,37,202.13
2019,Oklahoma State,197,38,202.09
2019,Virginia,258,39,200.89
2019,UCLA,26,40,199.61
2019,Iowa,2294,41,199.36
2019,Utah,254,42,196.61
2019,California,25,43,196.48
2019,Colorado,38,44,194.55
2019,Minnesota,135,45,194.48
2019,Iowa State,66,46,192.25
2019,Maryland,120,47,192.18
2019,West Virginia,277,48,191.83
2019,Duke,150,49,191.38
2019,Boise State,68,50,189.93
2019,Georgia Tech,59,51,188.28
2019,Northwestern,77,52,188.14
2019,Illinois,356,53,184.37
2019,Arizona,12,54,182.67
2019,Syracuse,183,55,182.67
2019,Vanderbilt,238,56,182.42
2019,Wake Forest,154,57,182.26
2019,Pittsburgh,221,58,181.53
2019,UCF,2116,59,179.69
2019,Florida Atlantic,2226,60,178.99
2019,Texas Tech,2641,61,177.69
2019,Kansas State,2306,62,177.40
2019,Boston College,103,63,177.26
2019,Rutgers,164,64,174.33
2019,Washington State,265,65,174.14
2019,Oregon State,204,66,172.88
2019,Memphis,235,67,172.40
2019,SMU,2567,68,167.28
2019,Louisville,97,69,165.93
2019,Kansas,2305,70,165.84
2019,Marshall,276,71,165.42
2019,Houston,248,72,165.39
2019,Toledo,2649,73,162.01
2019,UAB,5,74,160.48
2019,North Texas,249,75,158.78
2019,Louisiana,309,76,158.45
2019,South Florida,58,77,158.44
2019,East Carolina,151,78,158.40
2019,Cincinnati,2132,79,158.17
2019,Troy,2653,80,157.59
2019,BYU,252,81,156.76
2019,Southern Mississippi,2572,82,156.39
2019,Louisiana Tech,2348,83,155.46
2019,Colorado State,36,84,155.22
2019,Middle Tennessee,2393,85,154.43
2019,Western Kentucky,98,86,153.89
2019,Fresno State,278,87,153.50
2019,Florida International,2229,88,152.57
2019,Miami (OH),193,89,151.13
2019,Utah State,328,90,149.92
2019,San Diego State,21,91,149.19
2019,Western Michigan,2711,92,148.70
2019,Nevada,2440,93,145.27
2019,Tulane,2655,94,144.82
2019,Arkansas State,2032,95,143.36
2019,UT San Antonio,2636,96,142.31
2019,Wyoming,2751,97,140.75
2019,Georgia State,2247,98,140.37
2019,Army,349,99,139.75
2019,UNLV,2439,100,139.57
2019,Appalachian State,2026,101,139.00
2019,Kent State,2309,102,138.12
2019,Ohio,195,103,138.11
2019,Central Michigan,2117,104,137.96
2019,Temple,218,105,136.56
2019,Buffalo,2084,106,134.64
2019,Air Force,2005,107,134.50
2019,Northern Illinois,2459,108,134.16
2019,Tulsa,202,109,133.88
2019,Portland State,2502,110,132.85
2019,Rice,242,111,132.03
2019,UTEP,2638,112,131.98
2019,UMass,113,113,130.79
2019,Akron,2006,114,130.23
2019,Hawai'i,62,115,129.53
2019,Old Dominion,295,116,128.31
2019,Connecticut,41,117,127.68
2019,San José State,23,118,127.53
2019,New Mexico,167,119,126.28
2019,New Mexico State,166,120,125.55
2019,Georgia Southern,290,121,125.24
2019,Coastal Carolina,324,122,125.06
2019,Eastern Michigan,2199,123,124.99
2019,Navy,2426,124,124.39
2019,Ball State,2050,125,122.89
2019,South Alabama,6,126,122.80
2019,Harvard,108,127,121.09
2019,Louisiana Monroe,2433,128,119.38
2019,Bowling Green,189,129,115.37
2019,Princeton,163,130,115.29
2019,Stephen F. Austin,2617,131,113.58
2019,Charlotte,2429,132,112.69
2019,Texas State,326,133,111.10
2019,Yale,43,134,110.17
2019,Liberty,2335,135,108.39
2019,Central Arkansas,2110,136,106.84
2019,Idaho,70,137,99.19
2019,Eastern Washington,331,138,94.76
2019,Mercer,2382,139,92.53
2019,Eastern Kentucky,2198,140,90.32
2019,UC Davis,302,141,90.14
2019,North Dakota State,2449,142,86.93
2019,Northern Arizona,2464,144,84.40
2019,Jacksonville State,55,145,79.23
2019,Idaho State,304,146,72.23
2019,James Madison,256,147,70.12
2019,Montana,149,148,69.85
2019,Illinois State,2287,149,69.17
2019,Kennesaw State,338,150,69.12
2019,Montana State,147,151,66.92
2019,Western Carolina,2717,152,65.38
2019,Northern Iowa,2460,153,62.42
2019,Southern Utah,253,155,58.28
2019,Texas Southern,2640,156,56.43
2019,UT Martin,2630,157,55.08
2019,Pennsylvania,219,158,54.99
2019,Murray State,93,159,54.92
2019,Dartmouth,159,160,54.85
2019,Holy Cross,107,161,51.84
2019,Southern,2582,162,51.20
2019,Sam Houston State,2534,163,48.49
2019,Houston Baptist,2277,164,47.53
2019,Austin Peay,2046,165,46.22
2019,Georgetown,46,166,45.58
2019,Howard,47,168,43.12
2019,Grand Valley State,125,169,41.63
2019,McNeese,2377,170,39.93
2019,Weber State,2692,171,39.26
2019,Eastern Illinois,2197,173,37.39
2019,Lamar,2320,175,35.77
2019,Delaware,48,176,35.61
2019,Richmond,257,177,35.42
2019,Chattanooga,236,178,34.93
2019,Cal Poly,13,179,34.79
2019,Furman,231,180,34.69
2019,Nicholls,2447,181,33.85
2019,Tennessee State,2634,183,33.09
2019,East Tennessee State,2193,184,32.91
2019,New Hampshire,160,185,32.54
2019,Fordham,2230,186,32.49
2019,Indiana State,282,187,32.33
2019,Morgan State,2415,188,31.01
2019,Villanova,222,189,30.97
2019,Wofford,2747,190,30.95
2019,Prairie View,2504,191,30.85
2019,Southeastern Louisiana,2545,192,30.71
2019,Sacramento State,16,193,29.38
2019,Southern Illinois,79,194,29.20
2019,North Dakota,155,196,27.50
2019,Northern Colorado,2458,197,27.42
2019,San Diego,301,198,27.37
2019,North Carolina Central,2428,199,24.99
2019,South Dakota,233,200,24.59
2019,Southeast Missouri State,2546,201,24.44
2019,Stony Brook,2619,202,24.30
2019,Maine,311,205,22.07
2019,Alcorn State,2016,206,21.58
2019,Missouri State,2623,207,21.02
2019,Rhode Island,227,210,20.03
2019,North Carolina A&T,2448,211,19.69
2019,Northwestern State,2466,212,19.61
2019,Samford,2535,213,18.90
2019,South Dakota State,2571,214,17.82
2019,The Citadel,2643,216,17.36
2019,Arkansas-Pine Bluff,2029,218,16.40
2019,Elon,2210,220,16.08
2019,William & Mary,2729,221,15.95
2019,Bucknell,2083,222,14.96
2019,Youngstown State,2754,225,13.33
2019,Colgate,2142,226,13.03
2019,Monmouth,2405,228,11.98
2019,Alabama A&M,2010,229,11.61
2019,Bethune-Cookman,2065,230,11.54
2019,Hampton,2261,231,11.00
2019,Grambling,2755,232,10.64
2019,Florida A&M,50,234,9.93
2019,Charleston Southern,2127,235,9.03
2019,Albany,399,236,8.92
2019,Lafayette,322,237,8.42
2019,Alabama State,2011,238,7.97
2019,Duquesne,2184,240,7.52
2019,Gardner-Webb,2241,241,6.30
2019,Tennessee Tech,2635,247,4.96
2020,Georgia,61,1,313.34
2020,Alabama,333,2,310.44
2020,Clemson,228,3,309.73
2020,LSU,99,4,300.54
2020,Ohio State,194,5,295.08
2020,Texas A&M,245,6,289.49
2020,Auburn,2,7,274.60
2020,Florida,57,8,272.99
2020,Texas,251,9,270.93
2020,Tennessee,2633,10,261.50
2020,Oklahoma,201,11,259.60
2020,Oregon,2483,12,259.49
2020,Miami,2390,13,256.71
2020,Michigan,130,14,256.34
2020,Penn State,213,15,256.05
2020,Washington,264,16,252.35
2020,Notre Dame,87,17,251.45
2020,South Carolina,2579,18,250.12
2020,North Carolina,153,19,246.65
2020,Nebraska,158,20,240.27
2020,Stanford,24,21,238.62
2020,Florida State,52,22,238.41
2020,Kentucky,96,23,229.87
2020,Arizona State,9,24,229.47
2020,Wisconsin,275,25,225.54
2020,Georgia Tech,59,26,222.73
2020,Mississippi State,344,27,220.24
2020,TCU,2628,28,215.88
2020,Utah,254,29,212.32
2020,Arkansas,8,30,212.16
2020,Maryland,120,31,209.67
2020,UCLA,26,32,208.42
2020,Purdue,2509,33,208.38
2020,Ole Miss,145,34,204.07
2020,Iowa,2294,35,203.81
2020,Colorado,38,36,203.17
2020,West Virginia,277,37,199.77
2020,Minnesota,135,38,199.35
2020,California,25,39,198.00
2020,Cincinnati,2132,40,194.95
2020,NC State,152,41,194.78
2020,Louisville,97,42,194.46
2020,Michigan State,127,43,193.32
2020,Pittsburgh,221,44,192.65
2020,Oklahoma State,197,45,192.35
2020,Iowa State,66,46,190.90
2020,Northwestern,77,47,190.69
2020,Virginia,258,48,185.57
2020,Texas Tech,2641,49,183.17
2020,Missouri,142,50,182.85
2020,Kansas State,2306,51,182.46
2020,Vanderbilt,238,52,182.21
2020,Oregon State,204,53,182.12
2020,Baylor,239,54,181.12
2020,USC,30,55,181.01
2020,Washington State,265,56,179.28
2020,Kansas,2305,57,178.97
2020,Indiana,84,58,177.39
2020,Syracuse,183,59,175.88
2020,Wake Forest,154,60,173.82
2020,Duke,150,61,171.72
2020,Arizona,12,62,170.89
2020,Boston College,103,63,170.36
2020,Rutgers,164,64,170.14
2020,Boise State,68,65,167.92
2020,Tulane,2655,66,165.84
2020,Memphis,235,67,165.67
2020,North Texas,249,68,164.56
2020,Toledo,2649,69,164.20
2020,East Carolina,151,70,163.06
2020,UCF,2116,71,162.97
2020,Virginia Tech,259,72,162.89
2020,Florida Atlantic,2226,73,162.51
2020,Florida International,2229,74,162.27
2020,Louisiana Tech,2348,75,162.08
2020,Southern Mississippi,2572,76,161.52
2020,UNLV,2439,77,160.84
2020,BYU,252,78,159.91
2020,Louisiana,309,79,158.34
2020,Western Kentucky,98,80,157.37
2020,SMU,2567,81,156.95
2020,Houston,248,82,155.32
2020,Appalachian State,2026,83,154.59
2020,Troy,2653,84,154.47
2020,Bowling Green,189,85,154.40
2020,Western Michigan,2711,86,153.11
2020,Illinois,356,87,152.90
2020,Charlotte,2429,88,152.55
2020,Miami (OH),193,89,150.61
2020,Middle Tennessee,2393,90,150.60
2020,Northern Illinois,2459,91,149.69
2020,Arkansas State,2032,92,148.75
2020,Rice,242,93,147.70
2020,Old Dominion,295,94,146.75
2020,Liberty,2335,95,146.50
2020,Marshall,276,96,146.14
2020,Temple,218,97,145.30
2020,Georgia Southern,290,98,145.22
2020,Texas State,326,99,145.19
2020,UMass,113,100,145.02
2020,South Florida,58,101,142.97
2020,Colorado State,36,102,142.80
2020,UAB,5,103,142.57
2020,San Diego State,21,104,142.57
2020,UT San Antonio,2636,105,142.53
2020,New Mexico,167,106,142.34
2020,Air Force,2005,107,142.11
2020,Kent State,2309,108,141.52
2020,South Alabama,6,109,140.54
2020,Georgia State,2247,110,140.52
2020,Army,349,111,139.43
2020,Tulsa,202,112,138.25
2020,Wyoming,2751,113,138.13
2020,San José State,23,114,137.42
2020,Eastern Michigan,2199,115,136.77
2020,Coastal Carolina,324,116,136.61
2020,Utah State,328,117,134.50
2020,Connecticut,41,118,134.27
2020,Nevada,2440,119,132.46
2020,Louisiana Monroe,2433,120,132.30
2020,Fresno State,278,121,131.51
2020,Ball State,2050,122,131.50
2020,Central Michigan,2117,123,130.86
2020,Princeton,163,124,129.51
2020,Akron,2006,125,129.48
2020,Navy,2426,126,128.76
2020,Hawai'i,62,127,124.35
2020,Eastern Washington,331,128,117.96
2020,Ohio,195,129,116.96
2020,Buffalo,2084,130,114.94
2020,UTEP,2638,131,114.47
2020,New Mexico State,166,132,108.54
2020,Montana State,147,133,101.69
2020,Idaho,70,134,96.43
2020,Cal Poly,13,135,94.88
2020,UC Davis,302,136,93.33
2020,Sacramento State,16,137,89.88
2020,Northern Arizona,2464,139,86.06
2020,Harvard,108,140,77.67
2020,North Dakota State,2449,141,77.43
2020,Stephen F. Austin,2617,142,77.21
2020,Villanova,222,145,69.37
2020,Northern Iowa,2460,146,69.28
2020,Yale,43,147,66.61
2020,Dartmouth,159,148,64.97
2020,Columbia,171,149,62.05
2020,Central Arkansas,2110,150,61.89
2020,Eastern Kentucky,2198,151,60.50
2020,Rhode Island,227,152,57.83
2020,Illinois State,2287,153,56.34
2020,Kennesaw State,338,154,55.15
2020,Montana,149,155,51.30
2020,Pennsylvania,219,157,50.08
2020,Furman,231,158,43.15
2020,Eastern Illinois,2197,159,42.77
2020,Portland State,2502,161,41.99
2020,Holy Cross,107,162,41.97
2020,Georgetown,46,163,40.93
2020,Missouri State,2623,164,39.43
2020,Idaho State,304,165,39.12
2020,Elon,2210,166,36.99
2020,Northern Colorado,2458,167,36.46
2020,East Tennessee State,2193,168,35.94
2020,James Madison,256,170,35.08
2020,Davidson,2166,172,34.64
2020,Southeastern Louisiana,2545,173,34.04
2020,Tennessee State,2634,175,32.21
2020,South Dakota,233,176,29.87
2020,Western Carolina,2717,177,29.45
2020,Mercer,2382,179,28.80
2020,Brown,225,180,28.57
2020,San Diego,301,182,27.65
2020,Youngstown State,2754,183,27.25
2020,Sam Houston State,2534,184,26.54
2020,UT Martin,2630,186,24.03
2020,Western Illinois,2710,188,23.72
2020,Hampton,2261,190,22.89
2020,Stony Brook,2619,192,22.70
2020,Grambling,2755,193,22.25
2020,South Dakota State,2571,194,22.07
2020,Fordham,2230,195,21.45
2020,Samford,2535,196,21.20
2020,Houston Baptist,2277,198,20.55
2020,Delaware,48,199,20.10
2020,VMI,2678,200,20.05
2020,Bucknell,2083,201,19.97
2020,Wofford,2747,203,19.41
2020,Austin Peay,2046,204,17.16
2020,Indiana State,282,208,16.73
2020,Arkansas-Pine Bluff,2029,209,16.53
2020,Jacksonville State,55,210,16.49
2020,Cornell,172,211,15.89
2020,North Dakota,155,218,12.79
2020,North Carolina Central,2428,219,12.65
2020,Alcorn State,2016,220,12.65
2020,North Carolina A&T,2448,225,11.52
2020,Campbell,2097,228,10.98
2020,Richmond,257,229,9.98
2020,Southern Illinois,79,230,9.91
2020,Bryant,2803,232,8.98
2020,Southeast Missouri State,2546,233,8.97
2020,Texas Southern,2640,236,8.97
2020,Lehigh,2329,239,6.97
2020,Lafayette,322,240,6.97
2020,Marist,2368,242,6.30
2020,Colgate,2142,245,4.97
2021,Alabama,333,1,327.91
2021,Ohio State,194,2,309.49
2021,Georgia,61,3,294.55
2021,LSU,99,4,291.37
2021,Clemson,228,5,291.20
2021,Oregon,2483,6,287.38
2021,Texas A&M,245,7,285.35
2021,USC,30,8,280.72
2021,Notre Dame,87,9,269.15
2021,Michigan,130,10,268.77
2021,Oklahoma,201,11,267.92
2021,Miami,2390,12,263.12
2021,Florida,57,13,261.62
2021,North Carolina,153,14,253.91
2021,Wisconsin,275,15,240.80
2021,Tennessee,2633,16,240.40
2021,Texas,251,17,237.09
2021,Ole Miss,145,18,234.56
2021,Maryland,120,19,230.29
2021,Nebraska,158,20,216.50
2021,Penn State,213,21,216.43
2021,Florida State,52,22,214.97
2021,Iowa,2294,23,213.89
2021,Arkansas,8,24,213.19
2021,Mississippi State,344,25,210.60
2021,Pittsburgh,221,26,210.45
2021,Missouri,142,27,210.28
2021,California,25,28,209.20
2021,UCLA,26,29,206.50
2021,Auburn,2,30,205.63
2021,Virginia,258,31,205.33
2021,Kentucky,96,32,205.02
2021,Utah,254,33,203.23
2021,NC State,152,34,202.42
2021,Washington,264,35,201.78
2021,Boston College,103,36,201.66
2021,Minnesota,135,37,199.40
2021,Louisville,97,38,198.01
2021,Oklahoma State,197,39,196.26
2021,West Virginia,277,40,195.07
2021,Rutgers,164,41,191.67
2021,Cincinnati,2132,42,190.66
2021,Michigan State,127,43,190.60
2021,Baylor,239,44,190.18
2021,Virginia Tech,259,45,189.84
2021,Memphis,235,46,187.31
2021,Georgia Tech,59,47,186.82
2021,Arizona State,9,48,185.98
2021,Vanderbilt,238,49,184.46
2021,Northwestern,77,50,184.30
2021,Stanford,24,51,183.58
2021,Kansas,2305,52,183.13
2021,SMU,2567,53,181.61
2021,Indiana,84,54,177.78
2021,UCF,2116,55,177.69
2021,Kansas State,2306,56,176.98
2021,Syracuse,183,57,176.50
2021,Duke,150,58,176.16
2021,Iowa State,66,59,175.58
2021,Washington State,265,60,172.58
2021,TCU,2628,61,171.83
2021,San Diego State,21,62,169.98
2021,South Florida,58,63,167.63
2021,Texas Tech,2641,64,167.13
2021,Colorado,38,65,167.11
2021,Wake Forest,154,66,165.75
2021,Toledo,2649,67,163.18
2021,UNLV,2439,68,161.89
2021,Appalachian State,2026,69,161.14
2021,Boise State,68,70,161.13
2021,BYU,252,71,159.77
2021,Purdue,2509,72,159.72
2021,Illinois,356,73,159.12
2021,Fresno State,278,74,159.11
2021,Arizona,12,75,157.25
2021,South Carolina,2579,76,157.05
2021,Tulane,2655,77,156.56
2021,UT San Antonio,2636,78,154.80
2021,Louisiana,309,79,154.78
2021,North Texas,249,80,153.89
2021,Houston,248,81,153.47
2021,Florida Atlantic,2226,82,153.21
2021,Florida International,2229,83,152.13
2021,Coastal Carolina,324,84,150.67
2021,Jackson State,2296,85,147.90
2021,Nevada,2440,86,146.32
2021,Central Michigan,2117,87,146.12
2021,Miami (OH),193,88,146.03
2021,Colorado State,36,89,144.67
2021,Air Force,2005,90,144.16
2021,Northern Illinois,2459,91,142.59
2021,Georgia Southern,290,92,141.76
2021,Rice,242,93,141.39
2021,New Mexico,167,94,140.75
2021,Ball State,2050,95,140.07
2021,East Carolina,151,96,139.28
2021,Western Michigan,2711,97,139.11
2021,Buffalo,2084,98,137.78
2021,Ohio,195,99,137.60
2021,Old Dominion,295,100,135.74
2021,Charlotte,2429,101,134.83
2021,Georgia State,2247,102,134.55
2021,Bowling Green,189,103,133.73
2021,Troy,2653,104,133.65
2021,Temple,218,105,132.83
2021,Arkansas State,2032,106,132.61
2021,Navy,2426,107,131.51
2021,Oregon State,204,108,131.45
2021,Army,349,109,131.27
2021,Wyoming,2751,110,130.41
2021,Liberty,2335,111,129.14
2021,Eastern Michigan,2199,112,128.54
2021,Louisiana Monroe,2433,113,127.64
2021,New Mexico State,166,114,126.90
2021,Connecticut,41,115,125.11
2021,UAB,5,116,123.44
2021,UMass,113,117,121.74
2021,Kent State,2309,118,119.36
2021,Akron,2006,119,113.25
2021,San José State,23,120,112.81
2021,Louisiana Tech,2348,121,108.45
2021,South Alabama,6,122,107.68
2021,Middle Tennessee,2393,123,107.22
2021,Southern Mississippi,2572,124,104.36
2021,Marshall,276,125,101.55
2021,Tulsa,202,126,97.89
2021,Hawai'i,62,127,90.15
2021,Northern Arizona,2464,128,80.92
2021,Harvard,108,129,70.08
2021,Princeton,163,130,69.11
2021,Cal Poly,13,131,62.42
2021,Idaho,70,132,62.38
2021,Yale,43,133,61.37
2021,UTEP,2638,134,60.62
2021,Utah State,328,135,55.32
2021,Western Kentucky,98,136,49.62
2021,Eastern Washington,331,138,48.13
2021,Pennsylvania,219,139,47.87
2021,James Madison,256,140,46.14
2021,Lamar,2320,141,39.38
2021,North Carolina A&T,2448,142,38.90
2021,Northern Iowa,2460,143,37.22
2021,Stephen F. Austin,2617,144,36.77
2021,UC Davis,302,145,31.22
2021,Central Arkansas,2110,146,30.30
2021,Georgetown,46,147,29.42
2021,Samford,2535,148,28.48
2021,Howard,47,149,27.30
2021,Morgan State,2415,150,26.96
2021,South Dakota,233,151,25.25
2021,Montana State,147,152,24.70
2021,Southern Utah,253,153,24.64
2021,Grambling,2755,154,24.49
2021,Austin Peay,2046,155,24.23
2021,Tennessee Tech,2635,156,21.96
2021,Kennesaw State,338,157,20.61
2021,Charleston Southern,2127,158,19.50
2021,Columbia,171,159,18.29
2021,Jacksonville State,55,160,16.83
2021,Sacramento State,16,161,16.08
2021,Brown,225,162,15.57
2021,Alabama A&M,2010,163,15.36
2021,Lehigh,2329,164,14.77
2021,Prairie View,2504,165,14.18
2021,North Dakota,155,166,13.76
2021,Sam Houston State,2534,167,13.67
2021,William & Mary,2729,168,13.30
2021,McNeese,2377,169,13.17
2021,Tennessee State,2634,170,13.15
2021,Southern Illinois,79,172,12.65
2021,Western Carolina,2717,173,12.61
2021,Maine,311,174,12.51
2021,Chattanooga,236,175,12.15
2021,Duquesne,2184,176,12.14
2021,Texas Southern,2640,177,11.04
2021,Towson,119,178,10.54
2021,Villanova,222,179,10.53
2021,Northwestern State,2466,180,10.53
2021,Holy Cross,107,181,10.14
2021,Lafayette,322,182,10.14
2021,Texas State,326,183,9.46
2021,San Diego,301,184,9.32
2021,Gardner-Webb,2241,185,8.92
2021,Rhode Island,227,186,8.92
2021,Fordham,2230,187,8.69
2021,Northern Colorado,2458,188,8.31
2021,Albany,399,189,7.31
2021,Montana,149,190,7.30
2021,Portland State,2502,191,7.30
2021,Campbell,2097,192,6.80
2021,Wofford,2747,193,5.80
